2009.10.29,20:09,1.6548,1.6548,1.6547,1.6547,2
2009.10.29,20:10,1.6546,1.6547,1.6546,1.6547,6
2009.10.29,20:11,1.6549,1.6550,1.6548,1.6550,4
2009.10.29,20:12,1.6549,1.6550,1.6549,1.6549,7
2009.10.29,20:13,1.6550,1.6553,1.6550,1.6553,6
2009.10.29,20:14,1.6552,1.6552,1.6547,1.6547,12
2009.10.29,20:15,1.6546,1.6549,1.6546,1.6549,8
2009.10.29,20:16,1.6550,1.6554,1.6550,1.6554,9
2009.10.29,20:17,1.6555,1.6557,1.6554,1.6557,7
2009.10.29,20:18,1.6556,1.6556,1.6553,1.6555,12
2009.10.29,20:19,1.6554,1.6557,1.6554,1.6557,7
2009.10.29,20:20,1.6556,1.6556,1.6555,1.6555,4
2009.10.29,20:22,1.6554,1.6557,1.6554,1.6557,13
2009.10.29,20:23,1.6558,1.6558,1.6557,1.6558,5
2009.10.29,20:25,1.6559,1.6561,1.6559,1.6561,3
2009.10.29,20:26,1.6560,1.6561,1.6560,1.6560,3
2009.10.29,20:28,1.6561,1.6562,1.6561,1.6562,2
2009.10.29,20:29,1.6561,1.6562,1.6559,1.6559,5
2009.10.29,20:30,1.6558,1.6558,1.6552,1.6553,10
2009.10.29,20:31,1.6552,1.6552,1.6548,1.6548,7
2009.10.29,20:32,1.6549,1.6553,1.6549,1.6552,10
2009.10.29,20:33,1.6553,1.6555,1.6553,1.6555,7
2009.10.29,20:34,1.6554,1.6555,1.6546,1.6547,17
2009.10.29,20:35,1.6546,1.6546,1.6544,1.6544,7
2009.10.29,20:36,1.6543,1.6544,1.6543,1.6543,3
2009.10.29,20:37,1.6544,1.6547,1.6544,1.6547,6
2009.10.29,20:38,1.6548,1.6548,1.6548,1.6548,1
2009.10.29,20:39,1.6549,1.6551,1.6548,1.6550,10
2009.10.29,20:40,1.6551,1.6551,1.6549,1.6550,4
2009.10.29,20:41,1.6549,1.6549,1.6546,1.6547,5
2009.10.29,20:42,1.6548,1.6548,1.6547,1.6547,4
2009.10.29,20:43,1.6546,1.6547,1.6546,1.6547,2
2009.10.29,20:44,1.6546,1.6546,1.6544,1.6544,5
2009.10.29,20:45,1.6543,1.6544,1.6542,1.6543,7
2009.10.29,20:47,1.6544,1.6544,1.6544,1.6544,1
2009.10.29,20:49,1.6545,1.6545,1.6544,1.6544,2
2009.10.29,20:50,1.6545,1.6545,1.6544,1.6544,2
2009.10.29,20:52,1.6545,1.6549,1.6544,1.6549,11
2009.10.29,20:53,1.6550,1.6552,1.6550,1.6551,8
2009.10.29,20:54,1.6550,1.6551,1.6549,1.6551,6
2009.10.29,20:55,1.6552,1.6553,1.6547,1.6547,10
2009.10.29,20:56,1.6548,1.6548,1.6546,1.6546,5
2009.10.29,20:57,1.6547,1.6547,1.6546,1.6546,2
2009.10.29,20:58,1.6547,1.6551,1.6547,1.6551,6
2009.10.29,20:59,1.6550,1.6552,1.6550,1.6552,5
2009.10.29,21:00,1.6551,1.6551,1.6548,1.6549,17
2009.10.29,21:01,1.6550,1.6555,1.6549,1.6555,12
2009.10.29,21:02,1.6554,1.6556,1.6554,1.6555,5
2009.10.29,21:03,1.6556,1.6556,1.6556,1.6556,1
2009.10.29,21:04,1.6555,1.6556,1.6555,1.6555,3
2009.10.29,21:05,1.6556,1.6557,1.6554,1.6555,6
2009.10.29,21:06,1.6554,1.6555,1.6551,1.6554,10
2009.10.29,21:07,1.6553,1.6553,1.6551,1.6551,7
2009.10.29,21:08,1.6552,1.6552,1.6551,1.6552,3
2009.10.29,21:09,1.6553,1.6554,1.6552,1.6554,6
2009.10.29,21:11,1.6555,1.6555,1.6554,1.6555,3
2009.10.29,21:12,1.6556,1.6556,1.6555,1.6556,7
2009.10.29,21:13,1.6557,1.6561,1.6556,1.6561,7
2009.10.29,21:14,1.6562,1.6567,1.6562,1.6566,14
2009.10.29,21:15,1.6567,1.6567,1.6566,1.6566,12
2009.10.29,21:16,1.6565,1.6566,1.6563,1.6563,7
2009.10.29,21:17,1.6564,1.6564,1.6553,1.6553,18
2009.10.29,21:18,1.6554,1.6554,1.6553,1.6554,5
2009.10.29,21:19,1.6553,1.6554,1.6552,1.6554,4
2009.10.29,21:20,1.6556,1.6556,1.6553,1.6555,5
2009.10.29,21:21,1.6556,1.6556,1.6555,1.6555,2
2009.10.29,21:22,1.6556,1.6556,1.6551,1.6551,7
2009.10.29,21:23,1.6550,1.6551,1.6549,1.6549,4
2009.10.29,21:24,1.6550,1.6551,1.6549,1.6549,6
2009.10.29,21:26,1.6548,1.6550,1.6548,1.6550,7
2009.10.29,21:27,1.6549,1.6550,1.6549,1.6550,4
2009.10.29,21:29,1.6549,1.6550,1.6549,1.6550,2
2009.10.29,21:30,1.6549,1.6550,1.6549,1.6550,2
2009.10.29,21:31,1.6551,1.6553,1.6551,1.6553,5
2009.10.29,21:32,1.6554,1.6556,1.6554,1.6556,5
2009.10.29,21:33,1.6555,1.6556,1.6555,1.6556,2
2009.10.29,21:34,1.6557,1.6559,1.6556,1.6559,7
2009.10.29,21:35,1.6558,1.6560,1.6558,1.6559,10
2009.10.29,21:36,1.6560,1.6560,1.6559,1.6559,2
2009.10.29,21:37,1.6560,1.6560,1.6559,1.6560,5
2009.10.29,21:38,1.6561,1.6562,1.6560,1.6562,4
2009.10.29,21:39,1.6563,1.6566,1.6563,1.6566,6
2009.10.29,21:40,1.6565,1.6565,1.6564,1.6565,3
2009.10.29,21:41,1.6564,1.6565,1.6564,1.6565,2
2009.10.29,21:42,1.6566,1.6566,1.6566,1.6566,1
2009.10.29,21:43,1.6567,1.6568,1.6567,1.6567,5
2009.10.29,21:44,1.6568,1.6570,1.6567,1.6569,7
2009.10.29,21:45,1.6568,1.6568,1.6567,1.6568,3
2009.10.29,21:46,1.6569,1.6571,1.6568,1.6570,10
2009.10.29,21:47,1.6571,1.6571,1.6566,1.6566,8
2009.10.29,21:48,1.6565,1.6566,1.6564,1.6566,8
2009.10.29,21:49,1.6565,1.6566,1.6565,1.6566,10
2009.10.29,21:50,1.6565,1.6566,1.6565,1.6565,3
2009.10.29,21:51,1.6566,1.6567,1.6566,1.6567,2
2009.10.29,21:52,1.6568,1.6570,1.6568,1.6568,4
2009.10.29,21:53,1.6567,1.6567,1.6564,1.6564,4
2009.10.29,21:54,1.6565,1.6565,1.6564,1.6564,4
2009.10.29,21:55,1.6565,1.6565,1.6564,1.6565,5
2009.10.29,21:56,1.6566,1.6570,1.6566,1.6570,5
2009.10.29,21:57,1.6571,1.6571,1.6570,1.6571,3
2009.10.29,21:58,1.6572,1.6572,1.6572,1.6572,1
2009.10.29,21:59,1.6571,1.6574,1.6571,1.6574,6
2009.10.29,22:00,1.6573,1.6573,1.6571,1.6571,9
2009.10.29,22:01,1.6572,1.6572,1.6570,1.6570,5
2009.10.29,22:02,1.6571,1.6572,1.6570,1.6571,9
2009.10.29,22:03,1.6572,1.6572,1.6571,1.6571,2
2009.10.29,22:04,1.6570,1.6570,1.6570,1.6570,1
2009.10.29,22:05,1.6569,1.6569,1.6569,1.6569,1
2009.10.29,22:06,1.6568,1.6568,1.6568,1.6568,1
2009.10.29,22:07,1.6567,1.6567,1.6564,1.6565,6
2009.10.29,22:08,1.6566,1.6566,1.6565,1.6565,2
2009.10.29,22:09,1.6566,1.6566,1.6566,1.6566,1
2009.10.29,22:10,1.6567,1.6567,1.6567,1.6567,1
2009.10.29,22:11,1.6568,1.6569,1.6568,1.6568,3
2009.10.29,22:12,1.6569,1.6569,1.6567,1.6569,9
2009.10.29,22:13,1.6568,1.6571,1.6568,1.6571,8
2009.10.29,22:14,1.6570,1.6571,1.6570,1.6571,2
2009.10.29,22:15,1.6570,1.6571,1.6570,1.6571,6
2009.10.29,22:16,1.6570,1.6571,1.6570,1.6571,4
2009.10.29,22:17,1.6570,1.6571,1.6570,1.6570,7
2009.10.29,22:18,1.6571,1.6571,1.6571,1.6571,1
2009.10.29,22:19,1.6570,1.6570,1.6570,1.6570,1
2009.10.29,22:20,1.6569,1.6570,1.6564,1.6564,14
2009.10.29,22:21,1.6563,1.6564,1.6562,1.6563,5
2009.10.29,22:22,1.6564,1.6564,1.6563,1.6563,4
2009.10.29,22:23,1.6564,1.6564,1.6563,1.6564,3
2009.10.29,22:24,1.6563,1.6564,1.6563,1.6563,5
2009.10.29,22:25,1.6564,1.6564,1.6563,1.6564,7
2009.10.29,22:26,1.6565,1.6566,1.6565,1.6566,4
2009.10.29,22:27,1.6565,1.6566,1.6565,1.6565,5
2009.10.29,22:28,1.6564,1.6566,1.6564,1.6566,3
2009.10.29,22:29,1.6565,1.6565,1.6562,1.6563,7
2009.10.29,22:30,1.6562,1.6564,1.6562,1.6564,7
2009.10.29,22:31,1.6566,1.6566,1.6566,1.6566,1
2009.10.29,22:32,1.6567,1.6567,1.6565,1.6566,6
2009.10.29,22:33,1.6565,1.6565,1.6565,1.6565,1
2009.10.29,22:34,1.6564,1.6564,1.6563,1.6563,4
2009.10.29,22:35,1.6562,1.6563,1.6562,1.6563,2
2009.10.29,22:39,1.6564,1.6564,1.6563,1.6564,3
2009.10.29,22:43,1.6563,1.6563,1.6562,1.6563,5
2009.10.29,22:44,1.6562,1.6563,1.6562,1.6562,5
2009.10.29,22:48,1.6561,1.6561,1.6557,1.6557,7
2009.10.29,22:49,1.6556,1.6557,1.6555,1.6557,6
2009.10.29,22:50,1.6556,1.6557,1.6556,1.6557,2
2009.10.29,22:51,1.6558,1.6558,1.6557,1.6558,3
2009.10.29,22:52,1.6560,1.6560,1.6559,1.6560,3
2009.10.29,22:53,1.6561,1.6561,1.6560,1.6560,2
2009.10.29,22:54,1.6561,1.6561,1.6559,1.6559,5
2009.10.29,22:55,1.6558,1.6559,1.6558,1.6558,5
2009.10.29,22:56,1.6559,1.6559,1.6559,1.6559,1
2009.10.29,22:57,1.6558,1.6558,1.6558,1.6558,1
2009.10.29,23:01,1.6559,1.6560,1.6559,1.6560,2
2009.10.29,23:03,1.6561,1.6561,1.6561,1.6561,1
2009.10.29,23:04,1.6562,1.6562,1.6562,1.6562,1
2009.10.29,23:06,1.6563,1.6564,1.6563,1.6564,2
2009.10.29,23:07,1.6565,1.6565,1.6565,1.6565,1
2009.10.29,23:10,1.6564,1.6566,1.6564,1.6566,3
2009.10.29,23:11,1.6565,1.6566,1.6565,1.6566,2
2009.10.29,23:12,1.6567,1.6567,1.6567,1.6567,1
2009.10.29,23:13,1.6568,1.6570,1.6567,1.6570,5
2009.10.29,23:14,1.6569,1.6570,1.6568,1.6570,5
2009.10.29,23:15,1.6569,1.6571,1.6567,1.6571,9
2009.10.29,23:16,1.6570,1.6570,1.6570,1.6570,1
2009.10.29,23:17,1.6569,1.6570,1.6569,1.6570,2
2009.10.29,23:18,1.6569,1.6569,1.6569,1.6569,1
2009.10.29,23:19,1.6570,1.6570,1.6568,1.6569,6
2009.10.29,23:20,1.6568,1.6568,1.6567,1.6568,3
2009.10.29,23:21,1.6569,1.6569,1.6568,1.6569,3
2009.10.29,23:22,1.6570,1.6570,1.6569,1.6569,2
2009.10.29,23:23,1.6570,1.6575,1.6570,1.6574,8
2009.10.29,23:24,1.6573,1.6574,1.6572,1.6573,7
2009.10.29,23:25,1.6572,1.6572,1.6568,1.6569,4
2009.10.29,23:26,1.6568,1.6568,1.6566,1.6567,4
2009.10.29,23:27,1.6568,1.6568,1.6566,1.6567,6
2009.10.29,23:28,1.6566,1.6567,1.6565,1.6565,4
2009.10.29,23:29,1.6566,1.6568,1.6565,1.6567,8
2009.10.29,23:30,1.6566,1.6570,1.6566,1.6570,6
2009.10.29,23:31,1.6569,1.6571,1.6568,1.6571,5
2009.10.29,23:33,1.6572,1.6572,1.6569,1.6571,6
2009.10.29,23:34,1.6572,1.6572,1.6571,1.6572,3
2009.10.29,23:35,1.6573,1.6575,1.6571,1.6571,7
2009.10.29,23:36,1.6572,1.6572,1.6571,1.6571,6
2009.10.29,23:37,1.6572,1.6572,1.6571,1.6572,5
2009.10.29,23:38,1.6571,1.6573,1.6571,1.6571,7
2009.10.29,23:39,1.6572,1.6572,1.6568,1.6568,8
2009.10.29,23:40,1.6569,1.6569,1.6568,1.6568,4
2009.10.29,23:41,1.6569,1.6569,1.6569,1.6569,1
2009.10.29,23:42,1.6570,1.6574,1.6570,1.6573,8
2009.10.29,23:44,1.6574,1.6574,1.6574,1.6574,1
2009.10.29,23:45,1.6575,1.6575,1.6574,1.6574,4
2009.10.29,23:46,1.6575,1.6575,1.6574,1.6574,2
2009.10.29,23:47,1.6575,1.6575,1.6574,1.6575,3
2009.10.29,23:49,1.6574,1.6575,1.6574,1.6574,5
2009.10.29,23:50,1.6573,1.6573,1.6569,1.6570,8
2009.10.29,23:51,1.6571,1.6573,1.6569,1.6573,10
2009.10.29,23:53,1.6574,1.6574,1.6574,1.6574,1
2009.10.29,23:55,1.6575,1.6575,1.6574,1.6574,2
2009.10.29,23:56,1.6575,1.6575,1.6574,1.6574,4
2009.10.29,23:57,1.6575,1.6575,1.6574,1.6574,2
2009.10.29,23:58,1.6575,1.6576,1.6575,1.6575,5
2009.10.29,23:59,1.6576,1.6576,1.6575,1.6575,4
2009.10.30,00:00,1.6574,1.6575,1.6572,1.6573,9
2009.10.30,00:02,1.6574,1.6574,1.6573,1.6574,7
2009.10.30,00:03,1.6573,1.6574,1.6573,1.6574,14
2009.10.30,00:04,1.6573,1.6574,1.6573,1.6574,4
2009.10.30,00:05,1.6573,1.6573,1.6573,1.6573,1
2009.10.30,00:06,1.6574,1.6574,1.6572,1.6573,6
2009.10.30,00:07,1.6572,1.6573,1.6571,1.6571,6
2009.10.30,00:08,1.6570,1.6571,1.6570,1.6571,2
2009.10.30,00:09,1.6570,1.6571,1.6570,1.6571,2
2009.10.30,00:10,1.6570,1.6571,1.6570,1.6571,2
2009.10.30,00:12,1.6572,1.6572,1.6571,1.6571,2
2009.10.30,00:13,1.6572,1.6573,1.6572,1.6573,4
2009.10.30,00:14,1.6574,1.6575,1.6574,1.6575,6
2009.10.30,00:19,1.6574,1.6575,1.6574,1.6574,5
2009.10.30,00:21,1.6573,1.6573,1.6571,1.6571,3
2009.10.30,00:22,1.6570,1.6571,1.6570,1.6571,2
2009.10.30,00:23,1.6572,1.6573,1.6572,1.6573,4
2009.10.30,00:24,1.6572,1.6573,1.6572,1.6572,3
2009.10.30,00:25,1.6571,1.6572,1.6569,1.6569,9
2009.10.30,00:26,1.6570,1.6570,1.6569,1.6569,4
2009.10.30,00:27,1.6568,1.6569,1.6567,1.6567,8
2009.10.30,00:28,1.6566,1.6567,1.6566,1.6567,4
2009.10.30,00:29,1.6566,1.6567,1.6559,1.6560,15
2009.10.30,00:30,1.6559,1.6561,1.6557,1.6559,9
2009.10.30,00:31,1.6558,1.6561,1.6556,1.6556,18
2009.10.30,00:32,1.6557,1.6559,1.6557,1.6558,8
2009.10.30,00:33,1.6559,1.6559,1.6557,1.6558,4
2009.10.30,00:34,1.6559,1.6562,1.6559,1.6561,11
2009.10.30,00:35,1.6560,1.6560,1.6556,1.6556,5
2009.10.30,00:36,1.6557,1.6557,1.6555,1.6556,9
2009.10.30,00:37,1.6555,1.6556,1.6555,1.6556,2
2009.10.30,00:38,1.6555,1.6555,1.6554,1.6555,7
2009.10.30,00:39,1.6554,1.6555,1.6554,1.6555,6
2009.10.30,00:42,1.6556,1.6556,1.6556,1.6556,1
2009.10.30,00:43,1.6557,1.6557,1.6556,1.6556,4
2009.10.30,00:44,1.6557,1.6557,1.6554,1.6554,4
2009.10.30,00:45,1.6553,1.6554,1.6553,1.6554,2
2009.10.30,00:46,1.6553,1.6553,1.6553,1.6553,1
2009.10.30,00:47,1.6554,1.6556,1.6554,1.6556,3
2009.10.30,00:48,1.6555,1.6557,1.6555,1.6557,3
2009.10.30,00:49,1.6556,1.6557,1.6555,1.6555,10
2009.10.30,00:50,1.6556,1.6556,1.6556,1.6556,1
2009.10.30,00:51,1.6555,1.6556,1.6555,1.6556,2
2009.10.30,00:52,1.6555,1.6556,1.6555,1.6555,3
2009.10.30,00:53,1.6554,1.6555,1.6554,1.6555,2
2009.10.30,00:54,1.6554,1.6555,1.6554,1.6554,3
2009.10.30,00:56,1.6553,1.6553,1.6552,1.6552,2
2009.10.30,00:57,1.6553,1.6553,1.6553,1.6553,1
2009.10.30,00:58,1.6554,1.6554,1.6553,1.6553,2
2009.10.30,00:59,1.6554,1.6554,1.6553,1.6553,2
2009.10.30,01:00,1.6554,1.6554,1.6553,1.6553,12
2009.10.30,01:01,1.6554,1.6554,1.6554,1.6554,1
2009.10.30,01:03,1.6555,1.6555,1.6554,1.6554,4
2009.10.30,01:04,1.6555,1.6555,1.6554,1.6554,6
2009.10.30,01:05,1.6555,1.6556,1.6554,1.6556,4
2009.10.30,01:07,1.6557,1.6557,1.6556,1.6557,9
2009.10.30,01:08,1.6558,1.6558,1.6557,1.6557,2
2009.10.30,01:09,1.6558,1.6560,1.6558,1.6559,6
2009.10.30,01:10,1.6558,1.6560,1.6558,1.6559,6
2009.10.30,01:11,1.6558,1.6558,1.6558,1.6558,1
2009.10.30,01:12,1.6559,1.6559,1.6558,1.6559,5
2009.10.30,01:16,1.6560,1.6560,1.6559,1.6559,2
2009.10.30,01:21,1.6560,1.6560,1.6559,1.6559,6
2009.10.30,01:22,1.6560,1.6560,1.6559,1.6560,3
2009.10.30,01:27,1.6559,1.6559,1.6559,1.6559,1
2009.10.30,01:28,1.6560,1.6560,1.6560,1.6560,1
2009.10.30,01:29,1.6559,1.6559,1.6559,1.6559,1
2009.10.30,01:30,1.6560,1.6560,1.6560,1.6560,1
2009.10.30,01:32,1.6559,1.6560,1.6559,1.6560,2
2009.10.30,01:33,1.6559,1.6560,1.6559,1.6560,2
2009.10.30,01:34,1.6559,1.6559,1.6559,1.6559,1
2009.10.30,01:35,1.6560,1.6560,1.6554,1.6554,6
2009.10.30,01:36,1.6553,1.6553,1.6551,1.6553,9
2009.10.30,01:37,1.6552,1.6553,1.6551,1.6552,7
2009.10.30,01:38,1.6553,1.6554,1.6552,1.6552,6
2009.10.30,01:39,1.6551,1.6553,1.6551,1.6553,9
2009.10.30,01:40,1.6554,1.6554,1.6553,1.6553,4
2009.10.30,01:41,1.6554,1.6555,1.6554,1.6555,2
2009.10.30,01:42,1.6553,1.6553,1.6552,1.6552,2
2009.10.30,01:43,1.6553,1.6555,1.6553,1.6554,5
2009.10.30,01:44,1.6553,1.6553,1.6550,1.6550,10
2009.10.30,01:45,1.6551,1.6551,1.6543,1.6543,11
2009.10.30,01:46,1.6541,1.6541,1.6535,1.6536,14
2009.10.30,01:47,1.6537,1.6537,1.6533,1.6536,12
2009.10.30,01:48,1.6537,1.6537,1.6535,1.6536,4
2009.10.30,01:49,1.6537,1.6537,1.6536,1.6536,2
2009.10.30,01:50,1.6537,1.6537,1.6536,1.6537,3
2009.10.30,01:51,1.6538,1.6539,1.6537,1.6539,6
2009.10.30,01:52,1.6540,1.6541,1.6540,1.6541,2
2009.10.30,01:53,1.6542,1.6543,1.6542,1.6543,6
2009.10.30,01:54,1.6542,1.6543,1.6541,1.6541,4
2009.10.30,01:55,1.6542,1.6542,1.6541,1.6542,3
2009.10.30,01:56,1.6541,1.6541,1.6541,1.6541,1
2009.10.30,01:57,1.6542,1.6542,1.6541,1.6541,4
2009.10.30,01:58,1.6540,1.6541,1.6540,1.6541,2
2009.10.30,01:59,1.6540,1.6540,1.6538,1.6538,5
2009.10.30,02:00,1.6537,1.6537,1.6531,1.6533,12
2009.10.30,02:01,1.6534,1.6534,1.6531,1.6531,5
2009.10.30,02:02,1.6530,1.6530,1.6529,1.6530,3
2009.10.30,02:03,1.6531,1.6537,1.6531,1.6537,10
2009.10.30,02:04,1.6536,1.6538,1.6536,1.6538,5
2009.10.30,02:05,1.6537,1.6541,1.6537,1.6540,6
2009.10.30,02:06,1.6541,1.6543,1.6541,1.6542,5
2009.10.30,02:07,1.6540,1.6543,1.6540,1.6543,6
2009.10.30,02:09,1.6542,1.6542,1.6540,1.6540,7
2009.10.30,02:10,1.6539,1.6539,1.6534,1.6535,10
2009.10.30,02:11,1.6536,1.6536,1.6535,1.6536,3
2009.10.30,02:12,1.6535,1.6536,1.6535,1.6535,7
2009.10.30,02:13,1.6536,1.6536,1.6530,1.6530,5
2009.10.30,02:14,1.6531,1.6531,1.6529,1.6531,11
2009.10.30,02:15,1.6530,1.6530,1.6529,1.6530,3
2009.10.30,02:16,1.6531,1.6531,1.6529,1.6530,4
2009.10.30,02:17,1.6529,1.6530,1.6529,1.6530,4
2009.10.30,02:18,1.6529,1.6530,1.6528,1.6528,4
2009.10.30,02:19,1.6529,1.6529,1.6528,1.6529,3
2009.10.30,02:20,1.6530,1.6530,1.6529,1.6529,8
2009.10.30,02:21,1.6530,1.6530,1.6529,1.6529,4
2009.10.30,02:22,1.6530,1.6530,1.6529,1.6530,5
2009.10.30,02:23,1.6531,1.6535,1.6531,1.6535,6
2009.10.30,02:24,1.6536,1.6539,1.6536,1.6539,4
2009.10.30,02:25,1.6540,1.6540,1.6539,1.6539,4
2009.10.30,02:26,1.6540,1.6541,1.6539,1.6539,8
2009.10.30,02:27,1.6540,1.6540,1.6538,1.6538,7
2009.10.30,02:29,1.6537,1.6537,1.6535,1.6537,7
2009.10.30,02:30,1.6538,1.6538,1.6538,1.6538,1
2009.10.30,02:31,1.6540,1.6540,1.6539,1.6540,3
2009.10.30,02:32,1.6539,1.6539,1.6538,1.6539,5
2009.10.30,02:34,1.6538,1.6539,1.6538,1.6538,7
2009.10.30,02:35,1.6537,1.6538,1.6535,1.6536,10
2009.10.30,02:36,1.6535,1.6535,1.6532,1.6533,9
2009.10.30,02:37,1.6532,1.6533,1.6532,1.6532,9
2009.10.30,02:38,1.6534,1.6534,1.6532,1.6533,9
2009.10.30,02:39,1.6534,1.6536,1.6533,1.6534,12
2009.10.30,02:40,1.6535,1.6535,1.6534,1.6534,4
2009.10.30,02:41,1.6535,1.6536,1.6535,1.6536,2
2009.10.30,02:42,1.6537,1.6538,1.6536,1.6538,4
2009.10.30,02:43,1.6539,1.6539,1.6538,1.6538,6
2009.10.30,02:44,1.6539,1.6539,1.6535,1.6537,14
2009.10.30,02:45,1.6538,1.6539,1.6537,1.6538,7
2009.10.30,02:46,1.6539,1.6539,1.6535,1.6536,10
2009.10.30,02:47,1.6535,1.6538,1.6532,1.6532,16
2009.10.30,02:48,1.6531,1.6532,1.6531,1.6532,4
2009.10.30,02:49,1.6531,1.6532,1.6529,1.6529,7
2009.10.30,02:50,1.6528,1.6528,1.6528,1.6528,1
2009.10.30,02:51,1.6527,1.6527,1.6525,1.6525,3
2009.10.30,02:53,1.6526,1.6526,1.6525,1.6526,3
2009.10.30,02:54,1.6527,1.6530,1.6527,1.6530,4
2009.10.30,02:56,1.6531,1.6532,1.6531,1.6531,7
2009.10.30,02:57,1.6530,1.6531,1.6529,1.6529,6
2009.10.30,02:58,1.6528,1.6528,1.6526,1.6526,4
2009.10.30,02:59,1.6525,1.6526,1.6523,1.6523,5
2009.10.30,03:00,1.6522,1.6529,1.6522,1.6529,16
2009.10.30,03:01,1.6528,1.6528,1.6525,1.6528,6
2009.10.30,03:02,1.6527,1.6527,1.6522,1.6524,13
2009.10.30,03:03,1.6525,1.6529,1.6525,1.6528,10
2009.10.30,03:04,1.6529,1.6531,1.6526,1.6530,13
2009.10.30,03:05,1.6531,1.6531,1.6529,1.6529,5
2009.10.30,03:06,1.6530,1.6530,1.6525,1.6525,11
2009.10.30,03:07,1.6526,1.6526,1.6525,1.6526,5
2009.10.30,03:08,1.6525,1.6525,1.6525,1.6525,1
2009.10.30,03:09,1.6524,1.6532,1.6524,1.6532,8
2009.10.30,03:10,1.6531,1.6535,1.6531,1.6532,11
2009.10.30,03:11,1.6533,1.6537,1.6533,1.6537,7
2009.10.30,03:12,1.6536,1.6552,1.6536,1.6552,16
2009.10.30,03:13,1.6551,1.6551,1.6550,1.6550,4
2009.10.30,03:14,1.6549,1.6553,1.6549,1.6553,6
2009.10.30,03:15,1.6554,1.6557,1.6550,1.6551,20
2009.10.30,03:16,1.6550,1.6551,1.6549,1.6550,7
2009.10.30,03:17,1.6549,1.6550,1.6549,1.6549,5
2009.10.30,03:18,1.6550,1.6551,1.6549,1.6549,8
2009.10.30,03:19,1.6548,1.6549,1.6548,1.6548,5
2009.10.30,03:20,1.6546,1.6547,1.6540,1.6543,18
2009.10.30,03:21,1.6542,1.6554,1.6542,1.6549,17
2009.10.30,03:22,1.6550,1.6550,1.6549,1.6550,9
2009.10.30,03:23,1.6549,1.6550,1.6549,1.6549,3
2009.10.30,03:24,1.6548,1.6549,1.6545,1.6545,6
2009.10.30,03:25,1.6546,1.6551,1.6545,1.6551,20
2009.10.30,03:26,1.6550,1.6557,1.6550,1.6554,13
2009.10.30,03:27,1.6553,1.6553,1.6548,1.6551,20
2009.10.30,03:28,1.6550,1.6551,1.6549,1.6550,5
2009.10.30,03:29,1.6551,1.6553,1.6550,1.6553,11
2009.10.30,03:30,1.6552,1.6554,1.6552,1.6553,4
2009.10.30,03:31,1.6554,1.6562,1.6554,1.6561,19
2009.10.30,03:32,1.6562,1.6563,1.6561,1.6562,11
2009.10.30,03:33,1.6561,1.6565,1.6561,1.6562,13
2009.10.30,03:34,1.6563,1.6566,1.6562,1.6566,10
2009.10.30,03:35,1.6568,1.6568,1.6567,1.6568,9
2009.10.30,03:36,1.6567,1.6568,1.6559,1.6559,13
2009.10.30,03:37,1.6557,1.6557,1.6555,1.6556,12
2009.10.30,03:38,1.6555,1.6556,1.6553,1.6555,11
2009.10.30,03:39,1.6554,1.6557,1.6554,1.6557,4
2009.10.30,03:40,1.6556,1.6556,1.6553,1.6554,5
2009.10.30,03:41,1.6555,1.6557,1.6551,1.6551,8
2009.10.30,03:42,1.6552,1.6552,1.6550,1.6551,16
2009.10.30,03:43,1.6550,1.6552,1.6550,1.6551,8
2009.10.30,03:44,1.6550,1.6551,1.6550,1.6551,6
2009.10.30,03:45,1.6550,1.6550,1.6544,1.6545,16
2009.10.30,03:46,1.6544,1.6545,1.6543,1.6544,11
2009.10.30,03:47,1.6543,1.6544,1.6537,1.6542,18
2009.10.30,03:48,1.6541,1.6542,1.6540,1.6540,13
2009.10.30,03:49,1.6539,1.6539,1.6537,1.6538,6
2009.10.30,03:50,1.6537,1.6537,1.6535,1.6535,3
2009.10.30,03:51,1.6536,1.6536,1.6534,1.6535,8
2009.10.30,03:52,1.6534,1.6544,1.6534,1.6544,12
2009.10.30,03:53,1.6545,1.6545,1.6544,1.6545,7
2009.10.30,03:54,1.6544,1.6545,1.6544,1.6544,3
2009.10.30,03:55,1.6543,1.6544,1.6542,1.6543,11
2009.10.30,03:56,1.6545,1.6545,1.6541,1.6542,8
2009.10.30,03:57,1.6543,1.6543,1.6541,1.6543,5
2009.10.30,03:58,1.6542,1.6544,1.6542,1.6543,12
2009.10.30,03:59,1.6542,1.6546,1.6542,1.6546,5
2009.10.30,04:00,1.6545,1.6546,1.6543,1.6546,14
2009.10.30,04:01,1.6549,1.6552,1.6542,1.6546,15
2009.10.30,04:02,1.6547,1.6550,1.6547,1.6548,12
2009.10.30,04:03,1.6549,1.6549,1.6547,1.6547,7
2009.10.30,04:04,1.6548,1.6551,1.6548,1.6549,8
2009.10.30,04:05,1.6550,1.6550,1.6541,1.6546,16
2009.10.30,04:06,1.6547,1.6552,1.6542,1.6542,18
2009.10.30,04:07,1.6543,1.6545,1.6536,1.6543,19
2009.10.30,04:08,1.6542,1.6549,1.6542,1.6549,12
2009.10.30,04:09,1.6548,1.6549,1.6544,1.6545,11
2009.10.30,04:10,1.6546,1.6547,1.6543,1.6543,6
2009.10.30,04:11,1.6542,1.6544,1.6540,1.6544,20
2009.10.30,04:12,1.6545,1.6545,1.6540,1.6540,14
2009.10.30,04:13,1.6539,1.6541,1.6536,1.6541,19
2009.10.30,04:14,1.6542,1.6549,1.6540,1.6545,22
2009.10.30,04:15,1.6543,1.6547,1.6535,1.6535,18
2009.10.30,04:16,1.6536,1.6539,1.6534,1.6538,15
2009.10.30,04:17,1.6537,1.6537,1.6531,1.6531,15
2009.10.30,04:18,1.6530,1.6531,1.6523,1.6524,10
2009.10.30,04:19,1.6525,1.6526,1.6523,1.6524,6
2009.10.30,04:20,1.6523,1.6523,1.6517,1.6517,11
2009.10.30,04:21,1.6516,1.6519,1.6515,1.6516,18
2009.10.30,04:22,1.6517,1.6517,1.6513,1.6514,12
2009.10.30,04:23,1.6515,1.6522,1.6514,1.6518,16
2009.10.30,04:24,1.6519,1.6522,1.6519,1.6522,10
2009.10.30,04:25,1.6523,1.6532,1.6523,1.6529,16
2009.10.30,04:26,1.6530,1.6533,1.6528,1.6528,11
2009.10.30,04:27,1.6529,1.6532,1.6526,1.6527,14
2009.10.30,04:28,1.6528,1.6532,1.6527,1.6529,12
2009.10.30,04:29,1.6528,1.6530,1.6526,1.6530,15
2009.10.30,04:30,1.6529,1.6530,1.6528,1.6528,9
2009.10.30,04:31,1.6529,1.6529,1.6526,1.6526,16
2009.10.30,04:32,1.6528,1.6531,1.6527,1.6531,11
2009.10.30,04:33,1.6530,1.6535,1.6530,1.6535,10
2009.10.30,04:34,1.6534,1.6535,1.6533,1.6534,5
2009.10.30,04:35,1.6535,1.6540,1.6534,1.6540,14
2009.10.30,04:36,1.6539,1.6540,1.6536,1.6537,17
2009.10.30,04:37,1.6538,1.6538,1.6536,1.6536,3
2009.10.30,04:38,1.6537,1.6539,1.6537,1.6539,3
2009.10.30,04:39,1.6540,1.6540,1.6535,1.6537,11
2009.10.30,04:40,1.6536,1.6538,1.6536,1.6538,5
2009.10.30,04:41,1.6537,1.6537,1.6533,1.6536,11
2009.10.30,04:42,1.6535,1.6537,1.6535,1.6536,8
2009.10.30,04:43,1.6537,1.6539,1.6536,1.6537,15
2009.10.30,04:44,1.6538,1.6538,1.6535,1.6537,8
2009.10.30,04:45,1.6538,1.6544,1.6538,1.6544,12
2009.10.30,04:46,1.6543,1.6547,1.6542,1.6546,12
2009.10.30,04:47,1.6545,1.6545,1.6543,1.6544,10
2009.10.30,04:48,1.6545,1.6549,1.6543,1.6548,16
2009.10.30,04:49,1.6547,1.6547,1.6544,1.6546,6
2009.10.30,04:50,1.6547,1.6547,1.6543,1.6544,10
2009.10.30,04:51,1.6543,1.6545,1.6542,1.6543,13
2009.10.30,04:52,1.6544,1.6548,1.6544,1.6544,7
2009.10.30,04:53,1.6545,1.6546,1.6541,1.6543,18
2009.10.30,04:54,1.6544,1.6545,1.6538,1.6538,10
2009.10.30,04:55,1.6539,1.6541,1.6538,1.6540,11
2009.10.30,04:56,1.6542,1.6542,1.6540,1.6540,3
2009.10.30,04:57,1.6541,1.6546,1.6539,1.6545,11
2009.10.30,04:58,1.6546,1.6546,1.6540,1.6541,17
2009.10.30,04:59,1.6542,1.6543,1.6540,1.6543,15
2009.10.30,05:00,1.6544,1.6548,1.6544,1.6546,10
2009.10.30,05:01,1.6545,1.6547,1.6543,1.6544,15
2009.10.30,05:02,1.6543,1.6545,1.6543,1.6545,6
2009.10.30,05:03,1.6546,1.6546,1.6542,1.6545,10
2009.10.30,05:04,1.6546,1.6546,1.6545,1.6546,5
2009.10.30,05:05,1.6547,1.6561,1.6547,1.6556,25
2009.10.30,05:06,1.6558,1.6563,1.6558,1.6561,11
2009.10.30,05:07,1.6562,1.6562,1.6557,1.6557,17
2009.10.30,05:08,1.6556,1.6560,1.6554,1.6560,19
2009.10.30,05:09,1.6561,1.6565,1.6555,1.6561,22
2009.10.30,05:10,1.6562,1.6564,1.6560,1.6563,18
2009.10.30,05:11,1.6565,1.6567,1.6562,1.6562,11
2009.10.30,05:12,1.6561,1.6562,1.6560,1.6562,14
2009.10.30,05:13,1.6563,1.6563,1.6561,1.6561,9
2009.10.30,05:14,1.6559,1.6561,1.6559,1.6560,8
2009.10.30,05:15,1.6559,1.6559,1.6557,1.6558,8
2009.10.30,05:16,1.6557,1.6558,1.6554,1.6556,7
2009.10.30,05:17,1.6557,1.6558,1.6554,1.6555,7
2009.10.30,05:18,1.6556,1.6566,1.6556,1.6564,20
2009.10.30,05:19,1.6563,1.6567,1.6562,1.6567,15
2009.10.30,05:20,1.6568,1.6568,1.6566,1.6566,11
2009.10.30,05:21,1.6567,1.6567,1.6562,1.6562,11
2009.10.30,05:22,1.6563,1.6563,1.6562,1.6563,3
2009.10.30,05:23,1.6564,1.6564,1.6561,1.6561,6
2009.10.30,05:24,1.6562,1.6562,1.6560,1.6561,10
2009.10.30,05:25,1.6562,1.6565,1.6562,1.6564,13
2009.10.30,05:26,1.6563,1.6564,1.6559,1.6561,13
2009.10.30,05:27,1.6560,1.6561,1.6558,1.6558,7
2009.10.30,05:28,1.6559,1.6559,1.6554,1.6554,12
2009.10.30,05:29,1.6555,1.6561,1.6555,1.6560,8
2009.10.30,05:30,1.6559,1.6559,1.6554,1.6555,10
2009.10.30,05:31,1.6556,1.6556,1.6554,1.6555,6
2009.10.30,05:32,1.6554,1.6554,1.6552,1.6554,6
2009.10.30,05:33,1.6553,1.6554,1.6551,1.6551,9
2009.10.30,05:34,1.6550,1.6550,1.6550,1.6550,1
2009.10.30,05:35,1.6549,1.6552,1.6549,1.6552,5
2009.10.30,05:36,1.6553,1.6554,1.6551,1.6553,8
2009.10.30,05:37,1.6552,1.6554,1.6549,1.6550,10
2009.10.30,05:38,1.6549,1.6549,1.6549,1.6549,1
2009.10.30,05:39,1.6548,1.6549,1.6546,1.6549,8
2009.10.30,05:40,1.6548,1.6548,1.6543,1.6543,7
2009.10.30,05:41,1.6544,1.6545,1.6544,1.6544,3
2009.10.30,05:42,1.6545,1.6545,1.6536,1.6539,21
2009.10.30,05:43,1.6540,1.6542,1.6539,1.6542,7
2009.10.30,05:44,1.6541,1.6541,1.6535,1.6537,8
2009.10.30,05:45,1.6536,1.6538,1.6529,1.6532,20
2009.10.30,05:46,1.6531,1.6533,1.6530,1.6530,8
2009.10.30,05:47,1.6529,1.6529,1.6526,1.6528,12
2009.10.30,05:48,1.6529,1.6533,1.6529,1.6532,14
2009.10.30,05:49,1.6534,1.6536,1.6533,1.6535,7
2009.10.30,05:50,1.6536,1.6540,1.6536,1.6540,16
2009.10.30,05:51,1.6541,1.6544,1.6540,1.6540,10
2009.10.30,05:52,1.6541,1.6543,1.6540,1.6543,8
2009.10.30,05:53,1.6541,1.6542,1.6540,1.6541,13
2009.10.30,05:54,1.6542,1.6543,1.6541,1.6542,5
2009.10.30,05:55,1.6543,1.6543,1.6540,1.6540,6
2009.10.30,05:56,1.6541,1.6544,1.6541,1.6542,15
2009.10.30,05:57,1.6541,1.6541,1.6537,1.6538,14
2009.10.30,05:58,1.6539,1.6543,1.6539,1.6543,15
2009.10.30,05:59,1.6544,1.6549,1.6521,1.6526,28
2009.10.30,06:00,1.6512,1.6525,1.6506,1.6525,26
2009.10.30,06:01,1.6524,1.6524,1.6518,1.6518,15
2009.10.30,06:02,1.6517,1.6518,1.6507,1.6510,20
2009.10.30,06:03,1.6509,1.6519,1.6508,1.6514,21
2009.10.30,06:04,1.6515,1.6520,1.6514,1.6519,13
2009.10.30,06:05,1.6518,1.6526,1.6517,1.6526,12
2009.10.30,06:06,1.6528,1.6534,1.6528,1.6533,28
2009.10.30,06:07,1.6532,1.6536,1.6532,1.6534,14
2009.10.30,06:08,1.6535,1.6536,1.6534,1.6535,7
2009.10.30,06:09,1.6534,1.6534,1.6529,1.6531,11
2009.10.30,06:10,1.6530,1.6534,1.6530,1.6534,14
2009.10.30,06:11,1.6533,1.6544,1.6533,1.6544,17
2009.10.30,06:12,1.6542,1.6542,1.6530,1.6531,8
2009.10.30,06:13,1.6536,1.6537,1.6530,1.6530,15
2009.10.30,06:14,1.6529,1.6532,1.6528,1.6528,11
2009.10.30,06:15,1.6529,1.6530,1.6529,1.6529,3
2009.10.30,06:16,1.6527,1.6527,1.6520,1.6521,11
2009.10.30,06:17,1.6520,1.6521,1.6516,1.6516,12
2009.10.30,06:18,1.6515,1.6522,1.6515,1.6521,14
2009.10.30,06:19,1.6520,1.6527,1.6518,1.6526,16
2009.10.30,06:20,1.6527,1.6527,1.6518,1.6520,19
2009.10.30,06:21,1.6519,1.6519,1.6514,1.6517,15
2009.10.30,06:22,1.6518,1.6521,1.6516,1.6520,8
2009.10.30,06:23,1.6519,1.6519,1.6516,1.6518,9
2009.10.30,06:24,1.6519,1.6523,1.6519,1.6523,8
2009.10.30,06:25,1.6524,1.6534,1.6522,1.6529,20
2009.10.30,06:26,1.6530,1.6536,1.6530,1.6533,13
2009.10.30,06:27,1.6532,1.6537,1.6532,1.6535,9
2009.10.30,06:28,1.6536,1.6537,1.6533,1.6534,6
2009.10.30,06:29,1.6533,1.6553,1.6533,1.6548,29
2009.10.30,06:30,1.6547,1.6548,1.6542,1.6543,13
2009.10.30,06:31,1.6544,1.6559,1.6543,1.6557,26
2009.10.30,06:32,1.6558,1.6559,1.6554,1.6555,16
2009.10.30,06:33,1.6554,1.6554,1.6549,1.6549,13
2009.10.30,06:34,1.6548,1.6550,1.6543,1.6545,13
2009.10.30,06:35,1.6544,1.6546,1.6544,1.6546,7
2009.10.30,06:36,1.6547,1.6547,1.6541,1.6541,15
2009.10.30,06:37,1.6540,1.6540,1.6532,1.6534,16
2009.10.30,06:38,1.6535,1.6536,1.6533,1.6533,13
2009.10.30,06:39,1.6534,1.6534,1.6528,1.6530,11
2009.10.30,06:40,1.6528,1.6530,1.6528,1.6530,7
2009.10.30,06:41,1.6529,1.6530,1.6529,1.6529,7
2009.10.30,06:42,1.6530,1.6531,1.6529,1.6529,6
2009.10.30,06:43,1.6530,1.6530,1.6525,1.6526,9
2009.10.30,06:44,1.6527,1.6531,1.6527,1.6531,13
2009.10.30,06:45,1.6530,1.6533,1.6530,1.6531,8
2009.10.30,06:46,1.6532,1.6532,1.6531,1.6532,3
2009.10.30,06:47,1.6531,1.6531,1.6528,1.6528,4
2009.10.30,06:48,1.6529,1.6529,1.6528,1.6529,3
2009.10.30,06:49,1.6528,1.6529,1.6527,1.6528,9
2009.10.30,06:50,1.6527,1.6528,1.6523,1.6528,13
2009.10.30,06:51,1.6530,1.6530,1.6524,1.6524,7
2009.10.30,06:52,1.6522,1.6524,1.6521,1.6523,10
2009.10.30,06:53,1.6524,1.6524,1.6520,1.6521,7
2009.10.30,06:54,1.6522,1.6526,1.6522,1.6523,13
2009.10.30,06:55,1.6524,1.6524,1.6520,1.6521,15
2009.10.30,06:56,1.6520,1.6525,1.6520,1.6525,10
2009.10.30,06:57,1.6526,1.6527,1.6524,1.6524,5
2009.10.30,06:59,1.6523,1.6526,1.6523,1.6526,6
2009.10.30,07:00,1.6527,1.6528,1.6525,1.6528,10
2009.10.30,07:01,1.6529,1.6533,1.6528,1.6533,7
2009.10.30,07:02,1.6534,1.6536,1.6531,1.6531,13
2009.10.30,07:03,1.6530,1.6534,1.6530,1.6534,7
2009.10.30,07:04,1.6533,1.6534,1.6530,1.6530,8
2009.10.30,07:05,1.6531,1.6531,1.6527,1.6529,11
2009.10.30,07:06,1.6530,1.6530,1.6527,1.6529,10
2009.10.30,07:07,1.6528,1.6531,1.6528,1.6530,11
2009.10.30,07:08,1.6529,1.6532,1.6529,1.6531,7
2009.10.30,07:09,1.6532,1.6532,1.6528,1.6529,9
2009.10.30,07:10,1.6530,1.6530,1.6529,1.6530,9
2009.10.30,07:11,1.6531,1.6532,1.6530,1.6532,9
2009.10.30,07:12,1.6531,1.6531,1.6529,1.6529,7
2009.10.30,07:13,1.6530,1.6531,1.6529,1.6529,6
2009.10.30,07:14,1.6530,1.6530,1.6529,1.6529,2
2009.10.30,07:15,1.6528,1.6528,1.6522,1.6522,10
2009.10.30,07:16,1.6523,1.6527,1.6523,1.6525,7
2009.10.30,07:17,1.6526,1.6528,1.6525,1.6527,8
2009.10.30,07:18,1.6528,1.6529,1.6527,1.6528,9
2009.10.30,07:19,1.6527,1.6539,1.6527,1.6539,16
2009.10.30,07:20,1.6540,1.6543,1.6540,1.6541,15
2009.10.30,07:21,1.6540,1.6541,1.6538,1.6541,10
2009.10.30,07:22,1.6540,1.6540,1.6536,1.6536,5
2009.10.30,07:23,1.6537,1.6537,1.6535,1.6536,8
2009.10.30,07:24,1.6535,1.6535,1.6535,1.6535,1
2009.10.30,07:25,1.6534,1.6535,1.6532,1.6535,20
2009.10.30,07:26,1.6536,1.6538,1.6534,1.6538,11
2009.10.30,07:27,1.6537,1.6539,1.6537,1.6539,7
2009.10.30,07:28,1.6538,1.6538,1.6534,1.6534,12
2009.10.30,07:29,1.6535,1.6543,1.6534,1.6538,28
2009.10.30,07:30,1.6536,1.6540,1.6527,1.6536,28
2009.10.30,07:31,1.6535,1.6538,1.6531,1.6536,24
2009.10.30,07:32,1.6537,1.6546,1.6536,1.6541,26
2009.10.30,07:33,1.6542,1.6545,1.6540,1.6544,13
2009.10.30,07:34,1.6545,1.6545,1.6532,1.6532,16
2009.10.30,07:35,1.6533,1.6533,1.6519,1.6519,22
2009.10.30,07:36,1.6518,1.6523,1.6518,1.6522,17
2009.10.30,07:37,1.6523,1.6532,1.6521,1.6531,24
2009.10.30,07:38,1.6530,1.6532,1.6530,1.6531,10
2009.10.30,07:39,1.6532,1.6545,1.6532,1.6545,16
2009.10.30,07:40,1.6544,1.6544,1.6534,1.6537,14
2009.10.30,07:41,1.6536,1.6542,1.6536,1.6542,9
2009.10.30,07:42,1.6543,1.6544,1.6534,1.6534,12
2009.10.30,07:43,1.6535,1.6537,1.6534,1.6537,9
2009.10.30,07:44,1.6536,1.6541,1.6535,1.6541,14
2009.10.30,07:45,1.6540,1.6541,1.6535,1.6538,13
2009.10.30,07:46,1.6539,1.6541,1.6538,1.6540,10
2009.10.30,07:47,1.6541,1.6541,1.6538,1.6538,5
2009.10.30,07:48,1.6537,1.6537,1.6534,1.6535,5
2009.10.30,07:49,1.6536,1.6536,1.6529,1.6532,12
2009.10.30,07:50,1.6533,1.6536,1.6529,1.6530,12
2009.10.30,07:51,1.6531,1.6536,1.6529,1.6529,10
2009.10.30,07:52,1.6528,1.6529,1.6526,1.6528,9
2009.10.30,07:53,1.6527,1.6527,1.6523,1.6523,17
2009.10.30,07:54,1.6524,1.6525,1.6523,1.6524,11
2009.10.30,07:55,1.6523,1.6524,1.6517,1.6517,14
2009.10.30,07:56,1.6518,1.6519,1.6517,1.6519,10
2009.10.30,07:57,1.6518,1.6519,1.6513,1.6513,13
2009.10.30,07:58,1.6514,1.6519,1.6514,1.6519,13
2009.10.30,07:59,1.6520,1.6527,1.6515,1.6515,20
2009.10.30,08:00,1.6516,1.6522,1.6516,1.6517,20
2009.10.30,08:01,1.6516,1.6517,1.6513,1.6514,15
2009.10.30,08:02,1.6515,1.6518,1.6514,1.6517,9
2009.10.30,08:03,1.6518,1.6521,1.6518,1.6521,9
2009.10.30,08:04,1.6522,1.6527,1.6521,1.6527,13
2009.10.30,08:05,1.6528,1.6532,1.6526,1.6527,16
2009.10.30,08:06,1.6528,1.6534,1.6528,1.6534,13
2009.10.30,08:07,1.6535,1.6538,1.6531,1.6532,17
2009.10.30,08:08,1.6531,1.6531,1.6529,1.6530,4
2009.10.30,08:09,1.6529,1.6533,1.6529,1.6533,10
2009.10.30,08:10,1.6534,1.6535,1.6534,1.6535,2
2009.10.30,08:11,1.6534,1.6536,1.6532,1.6535,9
2009.10.30,08:12,1.6536,1.6536,1.6536,1.6536,1
2009.10.30,08:13,1.6535,1.6540,1.6535,1.6540,7
2009.10.30,08:14,1.6539,1.6539,1.6536,1.6538,13
2009.10.30,08:15,1.6539,1.6539,1.6538,1.6538,2
2009.10.30,08:16,1.6537,1.6537,1.6535,1.6535,7
2009.10.30,08:17,1.6536,1.6537,1.6535,1.6535,8
2009.10.30,08:18,1.6534,1.6534,1.6532,1.6532,5
2009.10.30,08:19,1.6531,1.6534,1.6531,1.6534,10
2009.10.30,08:20,1.6533,1.6535,1.6532,1.6534,8
2009.10.30,08:21,1.6533,1.6536,1.6533,1.6536,6
2009.10.30,08:22,1.6537,1.6538,1.6536,1.6538,6
2009.10.30,08:23,1.6539,1.6539,1.6538,1.6538,6
2009.10.30,08:25,1.6539,1.6540,1.6539,1.6540,2
2009.10.30,08:26,1.6539,1.6539,1.6538,1.6538,2
2009.10.30,08:27,1.6537,1.6537,1.6535,1.6536,4
2009.10.30,08:28,1.6535,1.6535,1.6529,1.6530,21
2009.10.30,08:29,1.6531,1.6532,1.6528,1.6529,20
2009.10.30,08:30,1.6530,1.6532,1.6527,1.6528,27
2009.10.30,08:31,1.6529,1.6532,1.6527,1.6532,15
2009.10.30,08:32,1.6534,1.6536,1.6532,1.6534,11
2009.10.30,08:33,1.6535,1.6539,1.6534,1.6534,9
2009.10.30,08:34,1.6535,1.6537,1.6531,1.6535,18
2009.10.30,08:35,1.6537,1.6538,1.6535,1.6535,6
2009.10.30,08:36,1.6536,1.6540,1.6536,1.6540,5
2009.10.30,08:37,1.6539,1.6540,1.6537,1.6538,16
2009.10.30,08:38,1.6539,1.6541,1.6539,1.6539,14
2009.10.30,08:39,1.6540,1.6542,1.6534,1.6534,14
2009.10.30,08:40,1.6535,1.6535,1.6529,1.6529,13
2009.10.30,08:41,1.6528,1.6531,1.6528,1.6529,7
2009.10.30,08:42,1.6530,1.6532,1.6530,1.6531,4
2009.10.30,08:43,1.6532,1.6532,1.6526,1.6526,8
2009.10.30,08:44,1.6527,1.6527,1.6522,1.6524,10
2009.10.30,08:45,1.6523,1.6524,1.6513,1.6513,13
2009.10.30,08:46,1.6514,1.6515,1.6505,1.6505,15
2009.10.30,08:47,1.6506,1.6512,1.6504,1.6512,20
2009.10.30,08:48,1.6511,1.6512,1.6504,1.6508,17
2009.10.30,08:49,1.6509,1.6514,1.6508,1.6513,16
2009.10.30,08:50,1.6514,1.6514,1.6509,1.6511,11
2009.10.30,08:51,1.6510,1.6510,1.6508,1.6509,14
2009.10.30,08:52,1.6510,1.6511,1.6505,1.6505,13
2009.10.30,08:53,1.6506,1.6511,1.6503,1.6510,18
2009.10.30,08:54,1.6509,1.6518,1.6509,1.6518,11
2009.10.30,08:55,1.6517,1.6521,1.6517,1.6520,10
2009.10.30,08:56,1.6521,1.6523,1.6518,1.6522,11
2009.10.30,08:57,1.6524,1.6526,1.6522,1.6522,13
2009.10.30,08:58,1.6523,1.6535,1.6523,1.6535,10
2009.10.30,08:59,1.6537,1.6540,1.6535,1.6535,22
2009.10.30,09:00,1.6536,1.6541,1.6535,1.6537,20
2009.10.30,09:01,1.6538,1.6540,1.6533,1.6538,23
2009.10.30,09:02,1.6537,1.6545,1.6537,1.6542,19
2009.10.30,09:03,1.6541,1.6543,1.6535,1.6535,15
2009.10.30,09:04,1.6534,1.6535,1.6532,1.6534,11
2009.10.30,09:05,1.6533,1.6535,1.6533,1.6535,5
2009.10.30,09:06,1.6536,1.6546,1.6535,1.6546,16
2009.10.30,09:07,1.6547,1.6553,1.6547,1.6551,24
2009.10.30,09:08,1.6552,1.6564,1.6551,1.6562,28
2009.10.30,09:09,1.6561,1.6562,1.6558,1.6561,19
2009.10.30,09:10,1.6560,1.6560,1.6554,1.6555,17
2009.10.30,09:11,1.6556,1.6557,1.6553,1.6554,15
2009.10.30,09:12,1.6555,1.6559,1.6555,1.6559,13
2009.10.30,09:13,1.6558,1.6562,1.6553,1.6553,14
2009.10.30,09:14,1.6552,1.6556,1.6552,1.6554,16
2009.10.30,09:15,1.6556,1.6556,1.6551,1.6551,10
2009.10.30,09:16,1.6552,1.6557,1.6551,1.6556,12
2009.10.30,09:17,1.6555,1.6555,1.6549,1.6550,11
2009.10.30,09:18,1.6549,1.6549,1.6548,1.6549,3
2009.10.30,09:19,1.6550,1.6550,1.6543,1.6543,8
2009.10.30,09:20,1.6541,1.6542,1.6539,1.6541,10
2009.10.30,09:21,1.6540,1.6541,1.6540,1.6541,8
2009.10.30,09:22,1.6542,1.6544,1.6542,1.6544,3
2009.10.30,09:23,1.6543,1.6545,1.6543,1.6543,7
2009.10.30,09:24,1.6544,1.6544,1.6541,1.6542,13
2009.10.30,09:25,1.6543,1.6546,1.6542,1.6546,11
2009.10.30,09:26,1.6547,1.6547,1.6542,1.6544,7
2009.10.30,09:27,1.6545,1.6546,1.6540,1.6541,9
2009.10.30,09:28,1.6539,1.6540,1.6538,1.6538,5
2009.10.30,09:29,1.6539,1.6539,1.6535,1.6535,5
2009.10.30,09:30,1.6536,1.6538,1.6533,1.6533,10
2009.10.30,09:31,1.6532,1.6533,1.6524,1.6526,17
2009.10.30,09:32,1.6527,1.6532,1.6526,1.6530,15
2009.10.30,09:33,1.6529,1.6530,1.6526,1.6527,8
2009.10.30,09:34,1.6528,1.6530,1.6526,1.6526,13
2009.10.30,09:35,1.6525,1.6533,1.6525,1.6531,13
2009.10.30,09:36,1.6530,1.6530,1.6526,1.6528,13
2009.10.30,09:37,1.6529,1.6529,1.6522,1.6523,12
2009.10.30,09:38,1.6524,1.6527,1.6524,1.6525,17
2009.10.30,09:39,1.6524,1.6529,1.6524,1.6526,11
2009.10.30,09:40,1.6525,1.6525,1.6517,1.6519,16
2009.10.30,09:41,1.6520,1.6522,1.6515,1.6516,19
2009.10.30,09:42,1.6514,1.6538,1.6514,1.6537,28
2009.10.30,09:43,1.6539,1.6543,1.6534,1.6538,26
2009.10.30,09:44,1.6539,1.6539,1.6532,1.6536,23
2009.10.30,09:45,1.6538,1.6541,1.6536,1.6536,15
2009.10.30,09:46,1.6535,1.6535,1.6517,1.6521,27
2009.10.30,09:47,1.6522,1.6528,1.6521,1.6524,14
2009.10.30,09:48,1.6523,1.6527,1.6518,1.6523,32
2009.10.30,09:49,1.6522,1.6527,1.6521,1.6527,20
2009.10.30,09:50,1.6528,1.6533,1.6524,1.6528,22
2009.10.30,09:51,1.6529,1.6529,1.6521,1.6522,23
2009.10.30,09:52,1.6521,1.6528,1.6514,1.6514,23
2009.10.30,09:53,1.6515,1.6516,1.6513,1.6514,17
2009.10.30,09:54,1.6515,1.6520,1.6514,1.6517,21
2009.10.30,09:55,1.6516,1.6520,1.6513,1.6516,24
2009.10.30,09:56,1.6517,1.6520,1.6516,1.6519,12
2009.10.30,09:57,1.6520,1.6522,1.6515,1.6516,10
2009.10.30,09:58,1.6517,1.6517,1.6510,1.6511,13
2009.10.30,09:59,1.6512,1.6518,1.6512,1.6515,13
2009.10.30,10:00,1.6517,1.6524,1.6517,1.6521,16
2009.10.30,10:01,1.6522,1.6525,1.6516,1.6520,25
2009.10.30,10:02,1.6521,1.6530,1.6521,1.6530,18
2009.10.30,10:03,1.6529,1.6530,1.6527,1.6527,18
2009.10.30,10:04,1.6528,1.6529,1.6524,1.6524,14
2009.10.30,10:05,1.6523,1.6524,1.6519,1.6521,16
2009.10.30,10:06,1.6520,1.6528,1.6519,1.6526,15
2009.10.30,10:07,1.6525,1.6528,1.6525,1.6525,13
2009.10.30,10:08,1.6526,1.6527,1.6522,1.6522,14
2009.10.30,10:09,1.6521,1.6522,1.6518,1.6521,10
2009.10.30,10:10,1.6522,1.6523,1.6521,1.6521,10
2009.10.30,10:11,1.6520,1.6522,1.6517,1.6517,10
2009.10.30,10:12,1.6518,1.6518,1.6512,1.6514,11
2009.10.30,10:13,1.6513,1.6518,1.6512,1.6518,6
2009.10.30,10:14,1.6517,1.6520,1.6516,1.6516,12
2009.10.30,10:15,1.6515,1.6516,1.6504,1.6504,13
2009.10.30,10:16,1.6505,1.6507,1.6502,1.6503,10
2009.10.30,10:17,1.6501,1.6502,1.6494,1.6501,27
2009.10.30,10:18,1.6500,1.6502,1.6499,1.6499,10
2009.10.30,10:19,1.6498,1.6498,1.6487,1.6491,21
2009.10.30,10:20,1.6492,1.6494,1.6488,1.6489,17
2009.10.30,10:21,1.6488,1.6493,1.6488,1.6491,21
2009.10.30,10:22,1.6490,1.6491,1.6488,1.6489,12
2009.10.30,10:23,1.6488,1.6490,1.6485,1.6490,17
2009.10.30,10:24,1.6489,1.6491,1.6486,1.6487,15
2009.10.30,10:25,1.6488,1.6492,1.6486,1.6491,19
2009.10.30,10:26,1.6492,1.6503,1.6492,1.6501,21
2009.10.30,10:27,1.6500,1.6505,1.6497,1.6505,15
2009.10.30,10:28,1.6506,1.6507,1.6499,1.6502,18
2009.10.30,10:29,1.6503,1.6505,1.6500,1.6505,12
2009.10.30,10:30,1.6504,1.6504,1.6499,1.6502,13
2009.10.30,10:31,1.6501,1.6503,1.6498,1.6503,8
2009.10.30,10:32,1.6502,1.6505,1.6501,1.6505,14
2009.10.30,10:33,1.6504,1.6505,1.6499,1.6502,7
2009.10.30,10:34,1.6501,1.6502,1.6501,1.6501,9
2009.10.30,10:35,1.6502,1.6502,1.6499,1.6501,9
2009.10.30,10:36,1.6500,1.6507,1.6500,1.6505,22
2009.10.30,10:37,1.6506,1.6510,1.6506,1.6508,17
2009.10.30,10:38,1.6509,1.6513,1.6507,1.6513,17
2009.10.30,10:39,1.6514,1.6515,1.6509,1.6514,14
2009.10.30,10:40,1.6515,1.6515,1.6509,1.6512,15
2009.10.30,10:41,1.6511,1.6515,1.6510,1.6513,17
2009.10.30,10:42,1.6512,1.6513,1.6512,1.6513,8
2009.10.30,10:43,1.6512,1.6512,1.6510,1.6512,8
2009.10.30,10:44,1.6513,1.6521,1.6511,1.6519,21
2009.10.30,10:45,1.6518,1.6519,1.6516,1.6516,19
2009.10.30,10:46,1.6517,1.6518,1.6515,1.6515,17
2009.10.30,10:47,1.6516,1.6516,1.6511,1.6515,10
2009.10.30,10:48,1.6514,1.6517,1.6513,1.6515,14
2009.10.30,10:49,1.6516,1.6520,1.6515,1.6520,11
2009.10.30,10:50,1.6521,1.6524,1.6521,1.6523,12
2009.10.30,10:51,1.6522,1.6523,1.6521,1.6521,8
2009.10.30,10:52,1.6522,1.6528,1.6522,1.6527,15
2009.10.30,10:53,1.6526,1.6529,1.6526,1.6529,12
2009.10.30,10:54,1.6528,1.6529,1.6521,1.6524,17
2009.10.30,10:55,1.6523,1.6525,1.6520,1.6523,22
2009.10.30,10:56,1.6522,1.6522,1.6520,1.6522,15
2009.10.30,10:57,1.6523,1.6523,1.6516,1.6518,14
2009.10.30,10:58,1.6519,1.6520,1.6518,1.6519,13
2009.10.30,10:59,1.6518,1.6518,1.6514,1.6514,9
2009.10.30,11:00,1.6517,1.6517,1.6511,1.6512,14
2009.10.30,11:01,1.6513,1.6513,1.6511,1.6513,10
2009.10.30,11:02,1.6512,1.6514,1.6511,1.6512,11
2009.10.30,11:03,1.6511,1.6515,1.6510,1.6511,13
2009.10.30,11:04,1.6510,1.6514,1.6510,1.6514,11
2009.10.30,11:05,1.6513,1.6515,1.6513,1.6515,9
2009.10.30,11:06,1.6514,1.6516,1.6512,1.6515,13
2009.10.30,11:07,1.6514,1.6514,1.6511,1.6513,12
2009.10.30,11:08,1.6512,1.6512,1.6507,1.6508,15
2009.10.30,11:09,1.6507,1.6507,1.6496,1.6498,20
2009.10.30,11:10,1.6499,1.6503,1.6499,1.6501,16
2009.10.30,11:11,1.6500,1.6501,1.6496,1.6496,12
2009.10.30,11:12,1.6495,1.6498,1.6495,1.6495,16
2009.10.30,11:13,1.6496,1.6496,1.6491,1.6491,12
2009.10.30,11:14,1.6492,1.6492,1.6479,1.6479,19
2009.10.30,11:15,1.6480,1.6484,1.6480,1.6482,23
2009.10.30,11:16,1.6483,1.6483,1.6480,1.6483,21
2009.10.30,11:17,1.6484,1.6486,1.6483,1.6484,10
2009.10.30,11:18,1.6483,1.6489,1.6483,1.6488,19
2009.10.30,11:19,1.6489,1.6492,1.6488,1.6492,10
2009.10.30,11:20,1.6493,1.6497,1.6493,1.6495,13
2009.10.30,11:21,1.6494,1.6497,1.6490,1.6496,18
2009.10.30,11:22,1.6495,1.6495,1.6491,1.6494,10
2009.10.30,11:23,1.6493,1.6495,1.6493,1.6494,8
2009.10.30,11:24,1.6493,1.6494,1.6489,1.6489,15
2009.10.30,11:25,1.6490,1.6490,1.6485,1.6485,11
2009.10.30,11:26,1.6486,1.6487,1.6484,1.6485,17
2009.10.30,11:27,1.6484,1.6485,1.6482,1.6482,12
2009.10.30,11:28,1.6483,1.6483,1.6481,1.6483,9
2009.10.30,11:29,1.6485,1.6493,1.6484,1.6493,16
2009.10.30,11:30,1.6494,1.6495,1.6493,1.6493,14
2009.10.30,11:31,1.6492,1.6496,1.6491,1.6492,17
2009.10.30,11:32,1.6493,1.6496,1.6492,1.6495,14
2009.10.30,11:33,1.6494,1.6497,1.6492,1.6493,16
2009.10.30,11:34,1.6494,1.6494,1.6487,1.6487,13
2009.10.30,11:35,1.6486,1.6486,1.6480,1.6481,15
2009.10.30,11:36,1.6482,1.6482,1.6468,1.6469,22
2009.10.30,11:37,1.6467,1.6468,1.6447,1.6460,33
2009.10.30,11:38,1.6461,1.6463,1.6455,1.6457,27
2009.10.30,11:39,1.6459,1.6468,1.6457,1.6467,17
2009.10.30,11:40,1.6466,1.6470,1.6466,1.6467,8
2009.10.30,11:41,1.6465,1.6466,1.6463,1.6464,18
2009.10.30,11:42,1.6465,1.6473,1.6464,1.6472,12
2009.10.30,11:43,1.6471,1.6472,1.6468,1.6472,11
2009.10.30,11:44,1.6471,1.6472,1.6467,1.6467,16
2009.10.30,11:45,1.6466,1.6466,1.6461,1.6461,15
2009.10.30,11:46,1.6462,1.6465,1.6462,1.6463,10
2009.10.30,11:47,1.6464,1.6468,1.6463,1.6463,18
2009.10.30,11:48,1.6462,1.6462,1.6445,1.6445,19
2009.10.30,11:49,1.6446,1.6455,1.6444,1.6444,31
2009.10.30,11:50,1.6442,1.6444,1.6433,1.6438,22
2009.10.30,11:51,1.6437,1.6437,1.6423,1.6429,25
2009.10.30,11:52,1.6430,1.6433,1.6427,1.6429,17
2009.10.30,11:53,1.6431,1.6431,1.6414,1.6414,22
2009.10.30,11:54,1.6413,1.6420,1.6413,1.6420,16
2009.10.30,11:55,1.6419,1.6427,1.6419,1.6426,24
2009.10.30,11:56,1.6425,1.6434,1.6424,1.6434,22
2009.10.30,11:57,1.6433,1.6444,1.6432,1.6441,23
2009.10.30,11:58,1.6442,1.6451,1.6442,1.6448,16
2009.10.30,11:59,1.6449,1.6486,1.6447,1.6475,44
2009.10.30,12:00,1.6476,1.6492,1.6476,1.6482,32
2009.10.30,12:01,1.6483,1.6497,1.6481,1.6487,25
2009.10.30,12:02,1.6486,1.6486,1.6482,1.6482,19
2009.10.30,12:03,1.6481,1.6481,1.6472,1.6476,23
2009.10.30,12:04,1.6475,1.6483,1.6475,1.6483,16
2009.10.30,12:05,1.6484,1.6485,1.6481,1.6483,16
2009.10.30,12:06,1.6484,1.6496,1.6483,1.6496,22
2009.10.30,12:07,1.6498,1.6500,1.6489,1.6493,22
2009.10.30,12:08,1.6494,1.6511,1.6494,1.6500,29
2009.10.30,12:09,1.6501,1.6512,1.6501,1.6511,25
2009.10.30,12:10,1.6510,1.6518,1.6509,1.6511,23
2009.10.30,12:11,1.6512,1.6515,1.6511,1.6511,9
2009.10.30,12:12,1.6510,1.6520,1.6509,1.6514,16
2009.10.30,12:13,1.6513,1.6513,1.6501,1.6501,19
2009.10.30,12:14,1.6502,1.6504,1.6498,1.6500,20
2009.10.30,12:15,1.6499,1.6500,1.6498,1.6498,8
2009.10.30,12:16,1.6499,1.6504,1.6499,1.6504,8
2009.10.30,12:17,1.6503,1.6504,1.6498,1.6498,15
2009.10.30,12:18,1.6499,1.6500,1.6496,1.6499,13
2009.10.30,12:19,1.6500,1.6501,1.6491,1.6491,12
2009.10.30,12:20,1.6490,1.6494,1.6490,1.6492,11
2009.10.30,12:21,1.6493,1.6497,1.6493,1.6495,11
2009.10.30,12:22,1.6494,1.6500,1.6494,1.6499,9
2009.10.30,12:23,1.6498,1.6498,1.6495,1.6497,10
2009.10.30,12:24,1.6496,1.6496,1.6486,1.6489,15
2009.10.30,12:25,1.6488,1.6490,1.6477,1.6477,13
2009.10.30,12:26,1.6479,1.6482,1.6468,1.6468,22
2009.10.30,12:27,1.6467,1.6467,1.6460,1.6461,9
2009.10.30,12:28,1.6460,1.6461,1.6455,1.6460,20
2009.10.30,12:29,1.6459,1.6465,1.6459,1.6460,18
2009.10.30,12:30,1.6461,1.6465,1.6460,1.6465,20
2009.10.30,12:31,1.6463,1.6465,1.6458,1.6459,14
2009.10.30,12:32,1.6460,1.6460,1.6455,1.6459,11
2009.10.30,12:33,1.6458,1.6459,1.6455,1.6458,11
2009.10.30,12:34,1.6459,1.6460,1.6453,1.6458,17
2009.10.30,12:35,1.6457,1.6457,1.6451,1.6457,12
2009.10.30,12:36,1.6458,1.6460,1.6456,1.6460,12
2009.10.30,12:37,1.6461,1.6466,1.6460,1.6465,8
2009.10.30,12:38,1.6466,1.6466,1.6463,1.6463,6
2009.10.30,12:39,1.6464,1.6467,1.6463,1.6465,8
2009.10.30,12:40,1.6464,1.6469,1.6464,1.6468,9
2009.10.30,12:41,1.6469,1.6473,1.6469,1.6472,11
2009.10.30,12:42,1.6473,1.6473,1.6467,1.6468,10
2009.10.30,12:43,1.6469,1.6473,1.6469,1.6470,12
2009.10.30,12:44,1.6469,1.6469,1.6461,1.6461,9
2009.10.30,12:45,1.6462,1.6466,1.6462,1.6465,7
2009.10.30,12:46,1.6464,1.6466,1.6464,1.6466,10
2009.10.30,12:47,1.6467,1.6467,1.6458,1.6458,11
2009.10.30,12:48,1.6457,1.6459,1.6450,1.6450,17
2009.10.30,12:49,1.6449,1.6450,1.6444,1.6450,17
2009.10.30,12:50,1.6451,1.6456,1.6451,1.6454,17
2009.10.30,12:51,1.6455,1.6456,1.6446,1.6448,22
2009.10.30,12:52,1.6447,1.6447,1.6435,1.6447,27
2009.10.30,12:53,1.6448,1.6455,1.6448,1.6454,22
2009.10.30,12:54,1.6453,1.6456,1.6451,1.6454,15
2009.10.30,12:55,1.6453,1.6453,1.6440,1.6441,17
2009.10.30,12:56,1.6442,1.6454,1.6442,1.6451,14
2009.10.30,12:57,1.6452,1.6455,1.6444,1.6447,17
2009.10.30,12:58,1.6446,1.6450,1.6446,1.6450,7
2009.10.30,12:59,1.6451,1.6454,1.6436,1.6437,20
2009.10.30,13:00,1.6436,1.6448,1.6435,1.6448,16
2009.10.30,13:01,1.6449,1.6449,1.6443,1.6443,8
2009.10.30,13:02,1.6444,1.6449,1.6444,1.6449,5
2009.10.30,13:03,1.6450,1.6453,1.6450,1.6453,4
2009.10.30,13:04,1.6452,1.6452,1.6446,1.6448,11
2009.10.30,13:05,1.6449,1.6455,1.6449,1.6453,14
2009.10.30,13:06,1.6454,1.6454,1.6448,1.6448,9
2009.10.30,13:07,1.6447,1.6447,1.6446,1.6446,2
2009.10.30,13:08,1.6445,1.6446,1.6441,1.6446,8
2009.10.30,13:09,1.6445,1.6447,1.6442,1.6446,15
2009.10.30,13:10,1.6445,1.6448,1.6445,1.6448,8
2009.10.30,13:11,1.6449,1.6449,1.6447,1.6448,4
2009.10.30,13:12,1.6447,1.6447,1.6437,1.6437,13
2009.10.30,13:13,1.6438,1.6440,1.6435,1.6439,20
2009.10.30,13:14,1.6436,1.6436,1.6432,1.6432,9
2009.10.30,13:15,1.6431,1.6431,1.6426,1.6430,16
2009.10.30,13:16,1.6431,1.6432,1.6424,1.6426,17
2009.10.30,13:17,1.6427,1.6432,1.6426,1.6431,7
2009.10.30,13:18,1.6430,1.6432,1.6429,1.6431,12
2009.10.30,13:19,1.6430,1.6431,1.6426,1.6428,9
2009.10.30,13:20,1.6429,1.6430,1.6428,1.6428,9
2009.10.30,13:21,1.6429,1.6436,1.6429,1.6435,15
2009.10.30,13:22,1.6434,1.6436,1.6434,1.6436,3
2009.10.30,13:23,1.6435,1.6435,1.6423,1.6425,15
2009.10.30,13:24,1.6427,1.6434,1.6426,1.6433,15
2009.10.30,13:25,1.6432,1.6434,1.6432,1.6433,8
2009.10.30,13:26,1.6432,1.6437,1.6432,1.6437,16
2009.10.30,13:27,1.6438,1.6443,1.6437,1.6438,19
2009.10.30,13:28,1.6439,1.6440,1.6437,1.6440,11
2009.10.30,13:29,1.6441,1.6452,1.6441,1.6452,12
2009.10.30,13:30,1.6453,1.6459,1.6452,1.6452,19
2009.10.30,13:31,1.6451,1.6452,1.6446,1.6447,14
2009.10.30,13:32,1.6446,1.6446,1.6438,1.6438,9
2009.10.30,13:33,1.6439,1.6440,1.6435,1.6435,17
2009.10.30,13:34,1.6434,1.6435,1.6432,1.6434,9
2009.10.30,13:35,1.6433,1.6434,1.6430,1.6431,11
2009.10.30,13:36,1.6430,1.6436,1.6430,1.6435,10
2009.10.30,13:37,1.6433,1.6433,1.6430,1.6430,10
2009.10.30,13:38,1.6431,1.6437,1.6431,1.6437,9
2009.10.30,13:39,1.6438,1.6441,1.6438,1.6441,10
2009.10.30,13:40,1.6440,1.6441,1.6437,1.6438,14
2009.10.30,13:41,1.6439,1.6441,1.6438,1.6441,15
2009.10.30,13:42,1.6442,1.6442,1.6440,1.6442,7
2009.10.30,13:43,1.6443,1.6445,1.6443,1.6445,3
2009.10.30,13:44,1.6444,1.6449,1.6444,1.6449,10
2009.10.30,13:45,1.6450,1.6450,1.6445,1.6446,13
2009.10.30,13:46,1.6447,1.6448,1.6446,1.6448,4
2009.10.30,13:47,1.6449,1.6450,1.6448,1.6450,6
2009.10.30,13:48,1.6449,1.6449,1.6445,1.6448,7
2009.10.30,13:49,1.6449,1.6451,1.6448,1.6450,9
2009.10.30,13:50,1.6449,1.6450,1.6447,1.6447,5
2009.10.30,13:51,1.6448,1.6448,1.6447,1.6447,2
2009.10.30,13:52,1.6448,1.6450,1.6448,1.6449,6
2009.10.30,13:53,1.6448,1.6448,1.6444,1.6444,12
2009.10.30,13:54,1.6443,1.6443,1.6440,1.6440,6
2009.10.30,13:55,1.6441,1.6445,1.6440,1.6445,10
2009.10.30,13:56,1.6446,1.6447,1.6441,1.6441,7
2009.10.30,13:57,1.6440,1.6445,1.6439,1.6445,8
2009.10.30,13:58,1.6446,1.6448,1.6445,1.6446,11
2009.10.30,13:59,1.6444,1.6444,1.6437,1.6438,13
2009.10.30,14:00,1.6437,1.6440,1.6437,1.6440,6
2009.10.30,14:01,1.6441,1.6445,1.6440,1.6442,9
2009.10.30,14:02,1.6443,1.6444,1.6443,1.6443,5
2009.10.30,14:03,1.6440,1.6441,1.6440,1.6440,5
2009.10.30,14:04,1.6439,1.6440,1.6438,1.6439,6
2009.10.30,14:05,1.6440,1.6443,1.6440,1.6443,4
2009.10.30,14:06,1.6444,1.6447,1.6444,1.6447,8
2009.10.30,14:07,1.6448,1.6448,1.6444,1.6446,6
2009.10.30,14:08,1.6447,1.6448,1.6445,1.6448,14
2009.10.30,14:09,1.6447,1.6447,1.6445,1.6446,8
2009.10.30,14:10,1.6445,1.6446,1.6445,1.6446,2
2009.10.30,14:11,1.6445,1.6447,1.6445,1.6446,6
2009.10.30,14:12,1.6445,1.6446,1.6445,1.6445,3
2009.10.30,14:13,1.6444,1.6449,1.6442,1.6448,11
2009.10.30,14:14,1.6447,1.6448,1.6446,1.6446,4
2009.10.30,14:15,1.6445,1.6445,1.6442,1.6444,9
2009.10.30,14:16,1.6445,1.6446,1.6444,1.6445,7
2009.10.30,14:17,1.6444,1.6444,1.6443,1.6443,8
2009.10.30,14:18,1.6442,1.6442,1.6440,1.6440,5
2009.10.30,14:19,1.6441,1.6441,1.6438,1.6440,7
2009.10.30,14:20,1.6441,1.6441,1.6438,1.6439,5
2009.10.30,14:21,1.6438,1.6438,1.6435,1.6435,8
2009.10.30,14:22,1.6434,1.6435,1.6433,1.6433,4
2009.10.30,14:23,1.6434,1.6434,1.6430,1.6431,7
2009.10.30,14:24,1.6432,1.6434,1.6432,1.6432,9
2009.10.30,14:25,1.6433,1.6434,1.6432,1.6433,7
2009.10.30,14:26,1.6434,1.6434,1.6432,1.6432,3
2009.10.30,14:27,1.6431,1.6432,1.6429,1.6429,9
2009.10.30,14:28,1.6431,1.6433,1.6430,1.6433,7
2009.10.30,14:30,1.6432,1.6432,1.6432,1.6432,1
2009.10.30,14:31,1.6433,1.6438,1.6433,1.6436,8
2009.10.30,14:32,1.6437,1.6438,1.6436,1.6438,10
2009.10.30,14:33,1.6439,1.6439,1.6438,1.6438,4
2009.10.30,14:34,1.6439,1.6441,1.6439,1.6441,5
2009.10.30,14:35,1.6440,1.6443,1.6440,1.6440,13
2009.10.30,14:36,1.6439,1.6439,1.6431,1.6432,12
2009.10.30,14:37,1.6433,1.6433,1.6432,1.6432,4
2009.10.30,14:38,1.6433,1.6434,1.6432,1.6434,12
2009.10.30,14:39,1.6433,1.6436,1.6433,1.6436,6
2009.10.30,14:40,1.6437,1.6437,1.6435,1.6437,6
2009.10.30,14:41,1.6438,1.6438,1.6437,1.6438,5
2009.10.30,14:42,1.6437,1.6437,1.6436,1.6436,2
2009.10.30,14:44,1.6435,1.6435,1.6433,1.6433,2
2009.10.30,14:45,1.6432,1.6433,1.6431,1.6433,4
2009.10.30,14:46,1.6434,1.6436,1.6434,1.6435,4
2009.10.30,14:48,1.6436,1.6436,1.6435,1.6436,5
2009.10.30,14:49,1.6435,1.6438,1.6434,1.6435,13
2009.10.30,14:51,1.6436,1.6437,1.6435,1.6435,4
2009.10.30,14:52,1.6436,1.6436,1.6435,1.6436,3
2009.10.30,14:53,1.6437,1.6441,1.6437,1.6440,8
2009.10.30,14:54,1.6441,1.6441,1.6440,1.6441,11
2009.10.30,14:55,1.6440,1.6448,1.6440,1.6446,13
2009.10.30,14:56,1.6445,1.6446,1.6444,1.6444,6
2009.10.30,14:57,1.6443,1.6444,1.6438,1.6439,10
2009.10.30,14:58,1.6440,1.6440,1.6439,1.6440,3
2009.10.30,14:59,1.6441,1.6444,1.6441,1.6443,12
2009.10.30,15:00,1.6444,1.6445,1.6438,1.6438,15
2009.10.30,15:01,1.6437,1.6437,1.6435,1.6436,6
2009.10.30,15:02,1.6437,1.6437,1.6435,1.6435,5
2009.10.30,15:03,1.6434,1.6435,1.6434,1.6435,14
2009.10.30,15:04,1.6436,1.6441,1.6436,1.6440,7
2009.10.30,15:05,1.6439,1.6440,1.6434,1.6434,12
2009.10.30,15:06,1.6435,1.6435,1.6433,1.6433,3
2009.10.30,15:07,1.6434,1.6436,1.6434,1.6436,5
2009.10.30,15:08,1.6435,1.6436,1.6434,1.6434,6
2009.10.30,15:09,1.6435,1.6435,1.6434,1.6435,3
2009.10.30,15:10,1.6434,1.6436,1.6434,1.6435,12
2009.10.30,15:11,1.6436,1.6436,1.6435,1.6435,6
2009.10.30,15:12,1.6436,1.6436,1.6435,1.6435,6
2009.10.30,15:13,1.6434,1.6439,1.6433,1.6439,8
2009.10.30,15:14,1.6440,1.6444,1.6440,1.6442,11
2009.10.30,15:15,1.6441,1.6442,1.6441,1.6441,3
2009.10.30,15:16,1.6440,1.6443,1.6440,1.6442,8
2009.10.30,15:17,1.6443,1.6446,1.6443,1.6446,6
2009.10.30,15:18,1.6445,1.6446,1.6444,1.6444,6
2009.10.30,15:19,1.6442,1.6443,1.6440,1.6440,7
2009.10.30,15:20,1.6439,1.6439,1.6439,1.6439,1
2009.10.30,15:21,1.6438,1.6441,1.6438,1.6441,6
2009.10.30,15:22,1.6442,1.6444,1.6440,1.6440,7
2009.10.30,15:23,1.6439,1.6439,1.6439,1.6439,1
2009.10.30,15:24,1.6440,1.6440,1.6436,1.6436,7
2009.10.30,15:25,1.6437,1.6437,1.6436,1.6436,4
2009.10.30,15:26,1.6437,1.6438,1.6435,1.6435,5
2009.10.30,15:27,1.6436,1.6436,1.6433,1.6433,4
2009.10.30,15:28,1.6434,1.6440,1.6434,1.6440,7
2009.10.30,15:29,1.6439,1.6442,1.6432,1.6434,15
2009.10.30,15:30,1.6433,1.6437,1.6433,1.6436,6
2009.10.30,15:31,1.6437,1.6444,1.6436,1.6442,14
2009.10.30,15:32,1.6441,1.6443,1.6441,1.6442,6
2009.10.30,15:33,1.6441,1.6441,1.6439,1.6439,9
2009.10.30,15:34,1.6440,1.6440,1.6439,1.6439,6
2009.10.30,15:35,1.6438,1.6439,1.6438,1.6438,3
2009.10.30,15:36,1.6437,1.6437,1.6435,1.6436,6
2009.10.30,15:37,1.6435,1.6436,1.6434,1.6435,7
2009.10.30,15:38,1.6436,1.6436,1.6435,1.6435,4
2009.10.30,15:39,1.6434,1.6435,1.6433,1.6434,9
2009.10.30,15:40,1.6435,1.6436,1.6432,1.6436,13
2009.10.30,15:41,1.6435,1.6436,1.6433,1.6433,11
2009.10.30,15:42,1.6434,1.6434,1.6431,1.6432,4
2009.10.30,15:43,1.6431,1.6432,1.6429,1.6429,11
2009.10.30,15:44,1.6427,1.6427,1.6425,1.6425,3
2009.10.30,15:45,1.6424,1.6424,1.6423,1.6423,2
2009.10.30,15:46,1.6424,1.6424,1.6424,1.6424,1
2009.10.30,15:47,1.6425,1.6425,1.6423,1.6423,7
2009.10.30,15:48,1.6424,1.6425,1.6424,1.6424,7
2009.10.30,15:49,1.6425,1.6425,1.6423,1.6423,5
2009.10.30,15:50,1.6424,1.6424,1.6423,1.6423,6
2009.10.30,15:51,1.6424,1.6424,1.6418,1.6419,9
2009.10.30,15:52,1.6418,1.6421,1.6415,1.6421,9
2009.10.30,15:53,1.6422,1.6424,1.6422,1.6424,7
2009.10.30,15:54,1.6423,1.6423,1.6422,1.6423,3
2009.10.30,15:55,1.6425,1.6426,1.6420,1.6420,10
2009.10.30,15:56,1.6419,1.6420,1.6419,1.6420,4
2009.10.30,15:57,1.6419,1.6419,1.6418,1.6419,3
2009.10.30,15:58,1.6420,1.6421,1.6420,1.6420,3
2009.10.30,15:59,1.6418,1.6418,1.6415,1.6416,5
2009.10.30,16:00,1.6415,1.6416,1.6407,1.6415,19
2009.10.30,16:01,1.6414,1.6416,1.6411,1.6411,12
2009.10.30,16:02,1.6410,1.6412,1.6407,1.6410,10
2009.10.30,16:03,1.6411,1.6414,1.6410,1.6414,6
2009.10.30,16:04,1.6413,1.6416,1.6411,1.6416,13
2009.10.30,16:05,1.6415,1.6416,1.6414,1.6415,13
2009.10.30,16:06,1.6416,1.6416,1.6416,1.6416,1
2009.10.30,16:07,1.6417,1.6417,1.6416,1.6416,8
2009.10.30,16:08,1.6417,1.6417,1.6414,1.6416,18
2009.10.30,16:09,1.6417,1.6419,1.6417,1.6418,6
2009.10.30,16:10,1.6419,1.6419,1.6417,1.6418,6
2009.10.30,16:11,1.6419,1.6421,1.6419,1.6421,5
2009.10.30,16:12,1.6420,1.6421,1.6417,1.6417,6
2009.10.30,16:13,1.6416,1.6418,1.6416,1.6418,7
2009.10.30,16:14,1.6417,1.6417,1.6416,1.6417,3
2009.10.30,16:15,1.6418,1.6421,1.6418,1.6421,8
2009.10.30,16:16,1.6420,1.6420,1.6416,1.6417,10
2009.10.30,16:17,1.6418,1.6418,1.6415,1.6417,7
2009.10.30,16:18,1.6418,1.6420,1.6418,1.6420,3
2009.10.30,16:19,1.6419,1.6421,1.6419,1.6420,8
2009.10.30,16:20,1.6419,1.6420,1.6419,1.6419,3
2009.10.30,16:21,1.6420,1.6420,1.6420,1.6420,1
2009.10.30,16:22,1.6421,1.6424,1.6421,1.6424,6
2009.10.30,16:23,1.6423,1.6424,1.6423,1.6424,4
2009.10.30,16:24,1.6423,1.6424,1.6423,1.6424,4
2009.10.30,16:25,1.6423,1.6424,1.6423,1.6423,5
2009.10.30,16:27,1.6425,1.6425,1.6424,1.6425,3
2009.10.30,16:28,1.6424,1.6425,1.6424,1.6424,7
2009.10.30,16:29,1.6425,1.6430,1.6424,1.6429,9
2009.11.01,12:31,1.6430,1.6430,1.6430,1.6430,1
2009.11.01,16:53,1.6419,1.6419,1.6404,1.6407,4
2009.11.01,17:07,1.6385,1.6385,1.6384,1.6385,3
2009.11.01,17:08,1.6384,1.6385,1.6382,1.6382,12
2009.11.01,17:09,1.6381,1.6382,1.6380,1.6380,6
2009.11.01,17:10,1.6382,1.6382,1.6374,1.6374,9
2009.11.01,17:11,1.6375,1.6375,1.6371,1.6371,7
2009.11.01,17:12,1.6372,1.6372,1.6371,1.6371,6
2009.11.01,17:13,1.6373,1.6373,1.6372,1.6373,3
2009.11.01,17:14,1.6372,1.6373,1.6372,1.6373,2
2009.11.01,17:15,1.6372,1.6374,1.6371,1.6371,9
2009.11.01,17:16,1.6372,1.6375,1.6372,1.6375,8
2009.11.01,17:17,1.6372,1.6373,1.6372,1.6373,2
2009.11.01,17:18,1.6372,1.6372,1.6370,1.6370,16
2009.11.01,17:20,1.6369,1.6369,1.6369,1.6369,1
2009.11.01,17:21,1.6368,1.6368,1.6368,1.6368,1
2009.11.01,17:22,1.6366,1.6367,1.6363,1.6363,3
2009.11.01,17:23,1.6362,1.6362,1.6353,1.6354,11
2009.11.01,17:24,1.6353,1.6353,1.6350,1.6352,10
2009.11.01,17:25,1.6351,1.6353,1.6351,1.6353,3
2009.11.01,17:26,1.6354,1.6358,1.6354,1.6358,3
2009.11.01,17:27,1.6361,1.6367,1.6357,1.6366,20
2009.11.01,17:28,1.6365,1.6365,1.6361,1.6362,13
2009.11.01,17:29,1.6363,1.6363,1.6355,1.6356,14
2009.11.01,17:30,1.6354,1.6354,1.6352,1.6353,13
2009.11.01,17:31,1.6354,1.6354,1.6351,1.6351,6
2009.11.01,17:32,1.6350,1.6352,1.6350,1.6351,4
2009.11.01,17:33,1.6352,1.6355,1.6351,1.6353,8
2009.11.01,17:34,1.6355,1.6356,1.6354,1.6354,4
2009.11.01,17:35,1.6353,1.6353,1.6352,1.6353,5
2009.11.01,17:36,1.6355,1.6355,1.6353,1.6354,6
2009.11.01,17:37,1.6353,1.6354,1.6353,1.6353,5
2009.11.01,17:38,1.6352,1.6352,1.6351,1.6351,2
2009.11.01,17:39,1.6352,1.6352,1.6348,1.6349,11
2009.11.01,17:40,1.6348,1.6350,1.6348,1.6348,9
2009.11.01,17:41,1.6347,1.6350,1.6346,1.6347,9
2009.11.01,17:42,1.6348,1.6348,1.6346,1.6346,6
2009.11.01,17:43,1.6347,1.6349,1.6346,1.6348,5
2009.11.01,17:44,1.6347,1.6348,1.6347,1.6347,3
2009.11.01,17:45,1.6349,1.6349,1.6348,1.6348,2
2009.11.01,17:46,1.6349,1.6350,1.6348,1.6349,5
2009.11.01,17:47,1.6347,1.6348,1.6346,1.6346,4
2009.11.01,17:48,1.6345,1.6346,1.6344,1.6345,4
2009.11.01,17:50,1.6346,1.6349,1.6346,1.6349,4
2009.11.01,17:51,1.6350,1.6357,1.6350,1.6357,8
2009.11.01,17:52,1.6360,1.6376,1.6359,1.6376,21
2009.11.01,17:53,1.6377,1.6392,1.6375,1.6388,22
2009.11.01,17:54,1.6389,1.6389,1.6381,1.6384,15
2009.11.01,17:55,1.6383,1.6383,1.6380,1.6380,8
2009.11.01,17:56,1.6381,1.6382,1.6378,1.6382,8
2009.11.01,17:57,1.6381,1.6381,1.6377,1.6380,6
2009.11.01,17:58,1.6381,1.6386,1.6381,1.6386,6
2009.11.01,17:59,1.6388,1.6392,1.6387,1.6389,13
2009.11.01,18:00,1.6391,1.6395,1.6391,1.6393,27
2009.11.01,18:01,1.6394,1.6411,1.6393,1.6410,29
2009.11.01,18:02,1.6409,1.6411,1.6407,1.6408,17
2009.11.01,18:03,1.6407,1.6407,1.6403,1.6404,11
2009.11.01,18:04,1.6403,1.6404,1.6402,1.6403,13
2009.11.01,18:05,1.6404,1.6404,1.6402,1.6402,10
2009.11.01,18:06,1.6404,1.6405,1.6397,1.6401,15
2009.11.01,18:07,1.6402,1.6410,1.6402,1.6410,12
2009.11.01,18:08,1.6411,1.6419,1.6410,1.6419,14
2009.11.01,18:09,1.6418,1.6423,1.6418,1.6421,13
2009.11.01,18:10,1.6426,1.6436,1.6425,1.6433,21
2009.11.01,18:11,1.6422,1.6428,1.6422,1.6426,23
2009.11.01,18:12,1.6425,1.6426,1.6423,1.6425,10
2009.11.01,18:13,1.6426,1.6426,1.6424,1.6424,3
2009.11.01,18:14,1.6423,1.6423,1.6416,1.6417,14
2009.11.01,18:15,1.6416,1.6416,1.6411,1.6413,16
2009.11.01,18:16,1.6414,1.6416,1.6413,1.6414,13
2009.11.01,18:17,1.6415,1.6415,1.6414,1.6415,5
2009.11.01,18:18,1.6414,1.6415,1.6414,1.6414,7
2009.11.01,18:19,1.6413,1.6414,1.6412,1.6413,9
2009.11.01,18:20,1.6414,1.6415,1.6414,1.6415,2
2009.11.01,18:21,1.6416,1.6417,1.6415,1.6417,8
2009.11.01,18:22,1.6416,1.6418,1.6416,1.6418,7
2009.11.01,18:23,1.6417,1.6419,1.6417,1.6419,5
2009.11.01,18:24,1.6420,1.6421,1.6419,1.6421,8
2009.11.01,18:25,1.6422,1.6423,1.6421,1.6423,4
2009.11.01,18:26,1.6422,1.6424,1.6422,1.6424,3
2009.11.01,18:27,1.6423,1.6424,1.6423,1.6423,3
2009.11.01,18:28,1.6422,1.6423,1.6422,1.6422,5
2009.11.01,18:29,1.6421,1.6421,1.6420,1.6420,4
2009.11.01,18:30,1.6419,1.6419,1.6415,1.6415,5
2009.11.01,18:31,1.6416,1.6416,1.6412,1.6413,10
2009.11.01,18:32,1.6412,1.6413,1.6405,1.6406,19
2009.11.01,18:33,1.6405,1.6405,1.6400,1.6401,9
2009.11.01,18:34,1.6400,1.6405,1.6400,1.6404,8
2009.11.01,18:35,1.6405,1.6407,1.6405,1.6407,9
2009.11.01,18:36,1.6406,1.6408,1.6406,1.6407,4
2009.11.01,18:37,1.6408,1.6411,1.6408,1.6410,4
2009.11.01,18:38,1.6409,1.6409,1.6407,1.6407,3
2009.11.01,18:39,1.6408,1.6408,1.6405,1.6407,8
2009.11.01,18:40,1.6408,1.6408,1.6406,1.6406,3
2009.11.01,18:41,1.6407,1.6407,1.6406,1.6406,4
2009.11.01,18:42,1.6407,1.6411,1.6406,1.6410,9
2009.11.01,18:43,1.6411,1.6412,1.6409,1.6410,7
2009.11.01,18:44,1.6411,1.6412,1.6410,1.6410,6
2009.11.01,18:45,1.6411,1.6411,1.6407,1.6407,5
2009.11.01,18:46,1.6406,1.6408,1.6405,1.6408,4
2009.11.01,18:47,1.6409,1.6409,1.6408,1.6409,3
2009.11.01,18:48,1.6410,1.6415,1.6410,1.6414,9
2009.11.01,18:49,1.6415,1.6426,1.6415,1.6426,17
2009.11.01,18:50,1.6424,1.6424,1.6421,1.6421,8
2009.11.01,18:51,1.6422,1.6422,1.6419,1.6419,6
2009.11.01,18:52,1.6420,1.6420,1.6416,1.6416,6
2009.11.01,18:53,1.6417,1.6417,1.6414,1.6414,8
2009.11.01,18:54,1.6415,1.6416,1.6415,1.6416,6
2009.11.01,18:55,1.6417,1.6419,1.6416,1.6419,8
2009.11.01,18:56,1.6416,1.6416,1.6412,1.6412,7
2009.11.01,18:57,1.6413,1.6413,1.6410,1.6411,11
2009.11.01,19:00,1.6410,1.6416,1.6406,1.6412,20
2009.11.01,19:01,1.6411,1.6411,1.6409,1.6411,12
2009.11.01,19:02,1.6413,1.6417,1.6409,1.6415,14
2009.11.01,19:03,1.6416,1.6422,1.6414,1.6422,15
2009.11.01,19:04,1.6420,1.6421,1.6419,1.6421,10
2009.11.01,19:05,1.6422,1.6428,1.6422,1.6428,14
2009.11.01,19:06,1.6429,1.6433,1.6429,1.6431,16
2009.11.01,19:07,1.6430,1.6430,1.6420,1.6423,21
2009.11.01,19:08,1.6422,1.6424,1.6422,1.6424,5
2009.11.01,19:09,1.6423,1.6424,1.6423,1.6424,6
2009.11.01,19:10,1.6425,1.6428,1.6424,1.6428,10
2009.11.01,19:11,1.6427,1.6429,1.6425,1.6425,15
2009.11.01,19:12,1.6426,1.6428,1.6426,1.6428,5
2009.11.01,19:13,1.6429,1.6432,1.6427,1.6431,13
2009.11.01,19:14,1.6430,1.6430,1.6428,1.6429,4
2009.11.01,19:15,1.6431,1.6431,1.6423,1.6423,10
2009.11.01,19:16,1.6424,1.6425,1.6418,1.6419,10
2009.11.01,19:17,1.6420,1.6425,1.6420,1.6425,5
2009.11.01,19:18,1.6424,1.6424,1.6416,1.6420,12
2009.11.01,19:19,1.6419,1.6424,1.6418,1.6424,9
2009.11.01,19:20,1.6423,1.6429,1.6423,1.6427,15
2009.11.01,19:21,1.6425,1.6428,1.6425,1.6428,6
2009.11.01,19:22,1.6429,1.6431,1.6429,1.6430,14
2009.11.01,19:23,1.6429,1.6432,1.6428,1.6428,8
2009.11.01,19:24,1.6429,1.6432,1.6429,1.6432,5
2009.11.01,19:25,1.6431,1.6431,1.6429,1.6430,10
2009.11.01,19:26,1.6429,1.6430,1.6429,1.6430,2
2009.11.01,19:27,1.6429,1.6430,1.6429,1.6429,5
2009.11.01,19:28,1.6430,1.6432,1.6429,1.6432,7
2009.11.01,19:29,1.6431,1.6431,1.6429,1.6429,3
2009.11.01,19:30,1.6430,1.6430,1.6429,1.6429,8
2009.11.01,19:31,1.6428,1.6429,1.6428,1.6428,9
2009.11.01,19:32,1.6427,1.6428,1.6427,1.6428,8
2009.11.01,19:33,1.6427,1.6428,1.6427,1.6428,6
2009.11.01,19:34,1.6427,1.6429,1.6425,1.6429,9
2009.11.01,19:35,1.6428,1.6436,1.6427,1.6436,13
2009.11.01,19:36,1.6437,1.6443,1.6437,1.6439,11
2009.11.01,19:37,1.6438,1.6439,1.6436,1.6439,16
2009.11.01,19:38,1.6441,1.6460,1.6441,1.6460,17
2009.11.01,19:39,1.6457,1.6460,1.6450,1.6450,13
2009.11.01,19:40,1.6449,1.6449,1.6444,1.6447,14
2009.11.01,19:41,1.6448,1.6457,1.6448,1.6454,15
2009.11.01,19:42,1.6452,1.6453,1.6451,1.6451,4
2009.11.01,19:43,1.6452,1.6452,1.6450,1.6451,4
2009.11.01,19:44,1.6450,1.6452,1.6450,1.6452,6
2009.11.01,19:45,1.6453,1.6458,1.6453,1.6455,10
2009.11.01,19:46,1.6456,1.6456,1.6447,1.6447,12
2009.11.01,19:47,1.6448,1.6450,1.6448,1.6449,4
2009.11.01,19:48,1.6448,1.6448,1.6448,1.6448,1
2009.11.01,19:49,1.6449,1.6449,1.6444,1.6444,9
2009.11.01,19:50,1.6443,1.6445,1.6443,1.6443,9
2009.11.01,19:51,1.6444,1.6451,1.6444,1.6451,7
2009.11.01,19:52,1.6452,1.6452,1.6451,1.6451,6
2009.11.01,19:53,1.6452,1.6453,1.6451,1.6452,5
2009.11.01,19:54,1.6453,1.6457,1.6452,1.6457,7
2009.11.01,19:55,1.6458,1.6458,1.6452,1.6453,13
2009.11.01,19:56,1.6452,1.6452,1.6449,1.6449,8
2009.11.01,19:57,1.6448,1.6449,1.6442,1.6444,12
2009.11.01,19:58,1.6445,1.6448,1.6445,1.6447,6
2009.11.01,19:59,1.6448,1.6448,1.6443,1.6447,11
2009.11.01,20:00,1.6446,1.6446,1.6444,1.6445,6
2009.11.01,20:01,1.6446,1.6446,1.6442,1.6442,7
2009.11.01,20:02,1.6441,1.6441,1.6435,1.6435,8
2009.11.01,20:03,1.6436,1.6436,1.6434,1.6436,5
2009.11.01,20:04,1.6437,1.6437,1.6435,1.6435,5
2009.11.01,20:05,1.6434,1.6435,1.6433,1.6434,7
2009.11.01,20:06,1.6435,1.6436,1.6434,1.6435,9
2009.11.01,20:07,1.6437,1.6440,1.6432,1.6432,13
2009.11.01,20:08,1.6433,1.6435,1.6432,1.6434,8
2009.11.01,20:09,1.6435,1.6435,1.6431,1.6431,12
2009.11.01,20:10,1.6432,1.6435,1.6432,1.6434,7
2009.11.01,20:11,1.6433,1.6433,1.6429,1.6431,12
2009.11.01,20:12,1.6432,1.6432,1.6430,1.6431,10
2009.11.01,20:13,1.6432,1.6433,1.6430,1.6430,7
2009.11.01,20:14,1.6431,1.6432,1.6430,1.6431,12
2009.11.01,20:15,1.6432,1.6432,1.6430,1.6431,4
2009.11.01,20:16,1.6430,1.6431,1.6427,1.6427,5
2009.11.01,20:17,1.6428,1.6430,1.6428,1.6429,6
2009.11.01,20:18,1.6430,1.6432,1.6429,1.6432,11
2009.11.01,20:19,1.6431,1.6432,1.6430,1.6431,5
2009.11.01,20:20,1.6430,1.6430,1.6426,1.6426,11
2009.11.01,20:21,1.6425,1.6425,1.6419,1.6420,8
2009.11.01,20:22,1.6419,1.6423,1.6419,1.6423,5
2009.11.01,20:23,1.6424,1.6427,1.6424,1.6426,11
2009.11.01,20:24,1.6427,1.6428,1.6427,1.6428,2
2009.11.01,20:25,1.6429,1.6431,1.6429,1.6431,3
2009.11.01,20:26,1.6432,1.6434,1.6431,1.6434,5
2009.11.01,20:27,1.6433,1.6433,1.6432,1.6433,3
2009.11.01,20:28,1.6432,1.6433,1.6431,1.6431,4
2009.11.01,20:29,1.6432,1.6433,1.6431,1.6432,11
2009.11.01,20:30,1.6433,1.6433,1.6432,1.6433,3
2009.11.01,20:31,1.6434,1.6434,1.6431,1.6431,4
2009.11.01,20:32,1.6432,1.6432,1.6432,1.6432,1
2009.11.01,20:34,1.6433,1.6433,1.6432,1.6433,3
2009.11.01,20:35,1.6432,1.6432,1.6430,1.6430,5
2009.11.01,20:36,1.6431,1.6431,1.6429,1.6429,5
2009.11.01,20:38,1.6430,1.6430,1.6429,1.6429,4
2009.11.01,20:39,1.6428,1.6429,1.6426,1.6427,6
2009.11.01,20:40,1.6428,1.6428,1.6427,1.6427,6
2009.11.01,20:41,1.6428,1.6428,1.6427,1.6427,2
2009.11.01,20:42,1.6428,1.6429,1.6428,1.6428,3
2009.11.01,20:43,1.6429,1.6429,1.6429,1.6429,1
2009.11.01,20:44,1.6430,1.6431,1.6430,1.6430,3
2009.11.01,20:45,1.6431,1.6431,1.6430,1.6431,3
2009.11.01,20:46,1.6430,1.6433,1.6430,1.6433,6
2009.11.01,20:47,1.6432,1.6432,1.6431,1.6432,3
2009.11.01,20:48,1.6431,1.6432,1.6431,1.6432,4
2009.11.01,20:49,1.6433,1.6433,1.6433,1.6433,1
2009.11.01,20:50,1.6434,1.6434,1.6433,1.6433,4
2009.11.01,20:51,1.6432,1.6432,1.6428,1.6428,7
2009.11.01,20:52,1.6427,1.6428,1.6422,1.6423,9
2009.11.01,20:53,1.6424,1.6425,1.6424,1.6425,2
2009.11.01,20:54,1.6426,1.6426,1.6425,1.6426,7
2009.11.01,20:55,1.6427,1.6430,1.6427,1.6429,8
2009.11.01,20:56,1.6430,1.6430,1.6429,1.6429,2
2009.11.01,20:57,1.6428,1.6429,1.6426,1.6426,4
2009.11.01,20:58,1.6427,1.6428,1.6426,1.6428,4
2009.11.01,20:59,1.6429,1.6429,1.6429,1.6429,1
2009.11.01,21:00,1.6430,1.6430,1.6429,1.6429,2
2009.11.01,21:01,1.6428,1.6429,1.6427,1.6427,4
2009.11.01,21:02,1.6428,1.6428,1.6427,1.6427,4
2009.11.01,21:03,1.6426,1.6426,1.6425,1.6425,2
2009.11.01,21:04,1.6424,1.6426,1.6424,1.6425,6
2009.11.01,21:05,1.6426,1.6426,1.6423,1.6423,5
2009.11.01,21:07,1.6424,1.6424,1.6424,1.6424,1
2009.11.01,21:08,1.6425,1.6425,1.6424,1.6425,3
2009.11.01,21:09,1.6424,1.6424,1.6424,1.6424,1
2009.11.01,21:10,1.6423,1.6424,1.6423,1.6424,6
2009.11.01,21:11,1.6423,1.6424,1.6423,1.6424,2
2009.11.01,21:13,1.6425,1.6425,1.6424,1.6425,3
2009.11.01,21:14,1.6424,1.6425,1.6424,1.6425,2
2009.11.01,21:15,1.6424,1.6424,1.6419,1.6419,6
2009.11.01,21:16,1.6418,1.6418,1.6415,1.6416,5
2009.11.01,21:17,1.6415,1.6423,1.6415,1.6423,8
2009.11.01,21:18,1.6422,1.6422,1.6421,1.6421,2
2009.11.01,21:19,1.6422,1.6424,1.6421,1.6423,6
2009.11.01,21:20,1.6424,1.6424,1.6424,1.6424,1
2009.11.01,21:21,1.6423,1.6424,1.6423,1.6423,5
2009.11.01,21:22,1.6424,1.6425,1.6423,1.6425,4
2009.11.01,21:23,1.6426,1.6426,1.6425,1.6426,3
2009.11.01,21:24,1.6427,1.6428,1.6427,1.6428,2
2009.11.01,21:25,1.6429,1.6433,1.6429,1.6433,5
2009.11.01,21:26,1.6434,1.6441,1.6433,1.6440,13
2009.11.01,21:27,1.6441,1.6442,1.6440,1.6441,7
2009.11.01,21:28,1.6440,1.6440,1.6439,1.6440,7
2009.11.01,21:29,1.6439,1.6439,1.6437,1.6438,4
2009.11.01,21:30,1.6439,1.6439,1.6438,1.6438,4
2009.11.01,21:31,1.6439,1.6441,1.6438,1.6441,10
2009.11.01,21:32,1.6440,1.6440,1.6438,1.6438,3
2009.11.01,21:34,1.6437,1.6439,1.6436,1.6439,11
2009.11.01,21:35,1.6440,1.6442,1.6440,1.6440,5
2009.11.01,21:36,1.6441,1.6441,1.6439,1.6439,6
2009.11.01,21:37,1.6438,1.6438,1.6425,1.6426,17
2009.11.01,21:38,1.6427,1.6432,1.6427,1.6428,15
2009.11.01,21:39,1.6427,1.6427,1.6425,1.6427,5
2009.11.01,21:40,1.6428,1.6433,1.6428,1.6431,7
2009.11.01,21:41,1.6432,1.6434,1.6428,1.6429,8
2009.11.01,21:42,1.6430,1.6432,1.6430,1.6431,5
2009.11.01,21:43,1.6432,1.6434,1.6432,1.6432,5
2009.11.01,21:44,1.6430,1.6432,1.6429,1.6432,4
2009.11.01,21:45,1.6433,1.6433,1.6431,1.6432,4
2009.11.01,21:46,1.6431,1.6433,1.6431,1.6433,5
2009.11.01,21:48,1.6432,1.6435,1.6432,1.6434,5
2009.11.01,21:49,1.6433,1.6434,1.6433,1.6434,2
2009.11.01,21:50,1.6433,1.6433,1.6427,1.6427,3
2009.11.01,21:51,1.6428,1.6433,1.6428,1.6430,8
2009.11.01,21:52,1.6429,1.6429,1.6424,1.6426,11
2009.11.01,21:53,1.6425,1.6425,1.6425,1.6425,1
2009.11.01,21:54,1.6424,1.6424,1.6424,1.6424,1
2009.11.01,21:55,1.6425,1.6426,1.6425,1.6425,7
2009.11.01,21:56,1.6426,1.6426,1.6425,1.6425,2
2009.11.01,21:57,1.6426,1.6426,1.6425,1.6426,3
2009.11.01,21:58,1.6427,1.6427,1.6426,1.6427,3
2009.11.01,21:59,1.6426,1.6426,1.6426,1.6426,1
2009.11.01,22:00,1.6427,1.6427,1.6426,1.6427,3
2009.11.01,22:04,1.6428,1.6429,1.6428,1.6428,3
2009.11.01,22:05,1.6427,1.6427,1.6427,1.6427,1
2009.11.01,22:06,1.6428,1.6430,1.6428,1.6430,3
2009.11.01,22:07,1.6429,1.6430,1.6429,1.6430,2
2009.11.01,22:08,1.6431,1.6431,1.6431,1.6431,1
2009.11.01,22:09,1.6432,1.6432,1.6432,1.6432,1
2009.11.01,22:10,1.6433,1.6441,1.6433,1.6441,9
2009.11.01,22:11,1.6440,1.6441,1.6440,1.6441,8
2009.11.01,22:12,1.6440,1.6440,1.6439,1.6439,2
2009.11.01,22:14,1.6438,1.6438,1.6436,1.6436,3
2009.11.01,22:16,1.6435,1.6436,1.6435,1.6435,5
2009.11.01,22:17,1.6436,1.6436,1.6435,1.6436,3
2009.11.01,22:18,1.6435,1.6435,1.6435,1.6435,1
2009.11.01,22:19,1.6436,1.6437,1.6435,1.6437,4
2009.11.01,22:20,1.6438,1.6438,1.6436,1.6438,9
2009.11.01,22:21,1.6437,1.6438,1.6437,1.6438,8
2009.11.01,22:22,1.6439,1.6439,1.6438,1.6439,3
2009.11.01,22:23,1.6440,1.6441,1.6439,1.6440,5
2009.11.01,22:24,1.6441,1.6441,1.6441,1.6441,1
2009.11.01,22:26,1.6442,1.6443,1.6441,1.6442,7
2009.11.01,22:27,1.6443,1.6443,1.6442,1.6442,2
2009.11.01,22:29,1.6443,1.6447,1.6443,1.6447,5
2009.11.01,22:30,1.6448,1.6451,1.6448,1.6450,5
2009.11.01,22:31,1.6449,1.6449,1.6442,1.6443,19
2009.11.01,22:32,1.6442,1.6442,1.6441,1.6442,3
2009.11.01,22:33,1.6441,1.6441,1.6439,1.6439,7
2009.11.01,22:34,1.6438,1.6438,1.6437,1.6437,2
2009.11.01,22:35,1.6438,1.6438,1.6437,1.6437,4
2009.11.01,22:36,1.6438,1.6438,1.6438,1.6438,1
2009.11.01,22:37,1.6437,1.6438,1.6437,1.6438,2
2009.11.01,22:38,1.6439,1.6439,1.6439,1.6439,1
2009.11.01,22:39,1.6440,1.6440,1.6439,1.6439,2
2009.11.01,22:40,1.6440,1.6440,1.6439,1.6440,3
2009.11.01,22:41,1.6441,1.6448,1.6441,1.6448,7
2009.11.01,22:42,1.6450,1.6450,1.6447,1.6450,7
2009.11.01,22:43,1.6451,1.6465,1.6451,1.6465,16
2009.11.01,22:44,1.6464,1.6465,1.6460,1.6460,9
2009.11.01,22:45,1.6461,1.6461,1.6459,1.6460,16
2009.11.01,22:46,1.6459,1.6460,1.6459,1.6459,3
2009.11.01,22:47,1.6458,1.6460,1.6458,1.6459,6
2009.11.01,22:48,1.6458,1.6458,1.6458,1.6458,1
2009.11.01,22:49,1.6459,1.6459,1.6459,1.6459,1
2009.11.01,22:50,1.6457,1.6458,1.6457,1.6458,4
2009.11.01,22:51,1.6459,1.6461,1.6459,1.6460,4
2009.11.01,22:53,1.6461,1.6461,1.6461,1.6461,1
2009.11.01,22:54,1.6460,1.6466,1.6460,1.6465,9
2009.11.01,22:55,1.6466,1.6466,1.6465,1.6465,4
2009.11.01,22:56,1.6464,1.6465,1.6464,1.6465,2
2009.11.01,22:57,1.6464,1.6466,1.6463,1.6465,8
2009.11.01,22:58,1.6466,1.6466,1.6465,1.6466,3
2009.11.01,22:59,1.6467,1.6467,1.6466,1.6467,3
2009.11.01,23:00,1.6466,1.6474,1.6466,1.6473,10
2009.11.01,23:01,1.6471,1.6473,1.6467,1.6467,9
2009.11.01,23:02,1.6468,1.6468,1.6465,1.6466,11
2009.11.01,23:03,1.6465,1.6466,1.6465,1.6466,2
2009.11.01,23:04,1.6465,1.6465,1.6463,1.6463,5
2009.11.01,23:05,1.6464,1.6464,1.6463,1.6463,2
2009.11.01,23:06,1.6464,1.6464,1.6463,1.6464,3
2009.11.01,23:07,1.6463,1.6464,1.6463,1.6464,2
2009.11.01,23:08,1.6465,1.6467,1.6465,1.6466,6
2009.11.01,23:09,1.6467,1.6467,1.6465,1.6465,3
2009.11.01,23:10,1.6464,1.6470,1.6464,1.6470,6
2009.11.01,23:11,1.6471,1.6473,1.6471,1.6472,7
2009.11.01,23:12,1.6473,1.6473,1.6467,1.6467,7
2009.11.01,23:13,1.6466,1.6466,1.6466,1.6466,1
2009.11.01,23:14,1.6465,1.6466,1.6464,1.6465,5
2009.11.01,23:15,1.6464,1.6468,1.6464,1.6468,11
2009.11.01,23:16,1.6467,1.6467,1.6467,1.6467,1
2009.11.01,23:18,1.6466,1.6466,1.6466,1.6466,1
2009.11.01,23:19,1.6465,1.6466,1.6465,1.6466,4
2009.11.01,23:20,1.6465,1.6465,1.6464,1.6465,3
2009.11.01,23:21,1.6464,1.6464,1.6464,1.6464,1
2009.11.01,23:23,1.6465,1.6465,1.6465,1.6465,1
2009.11.01,23:24,1.6464,1.6465,1.6464,1.6464,3
2009.11.01,23:26,1.6465,1.6467,1.6465,1.6467,5
2009.11.01,23:27,1.6468,1.6469,1.6467,1.6468,5
2009.11.01,23:28,1.6467,1.6467,1.6465,1.6465,5
2009.11.01,23:29,1.6464,1.6464,1.6463,1.6463,2
2009.11.01,23:30,1.6464,1.6464,1.6463,1.6464,3
2009.11.01,23:31,1.6463,1.6463,1.6463,1.6463,1
2009.11.01,23:33,1.6464,1.6466,1.6464,1.6466,2
2009.11.01,23:34,1.6465,1.6465,1.6463,1.6464,4
2009.11.01,23:35,1.6463,1.6464,1.6462,1.6462,4
2009.11.01,23:36,1.6463,1.6463,1.6459,1.6460,12
2009.11.01,23:37,1.6459,1.6461,1.6459,1.6460,8
2009.11.01,23:38,1.6461,1.6462,1.6461,1.6462,2
2009.11.01,23:39,1.6461,1.6462,1.6461,1.6462,4
2009.11.01,23:40,1.6461,1.6461,1.6461,1.6461,1
2009.11.01,23:41,1.6460,1.6460,1.6460,1.6460,1
2009.11.01,23:43,1.6458,1.6458,1.6457,1.6458,3
2009.11.01,23:44,1.6457,1.6457,1.6456,1.6456,2
2009.11.01,23:45,1.6455,1.6456,1.6454,1.6454,4
2009.11.01,23:46,1.6455,1.6455,1.6454,1.6454,4
2009.11.01,23:47,1.6453,1.6454,1.6453,1.6453,3
2009.11.01,23:48,1.6454,1.6454,1.6453,1.6454,3
2009.11.01,23:49,1.6453,1.6454,1.6453,1.6454,2
2009.11.01,23:53,1.6453,1.6454,1.6453,1.6453,3
2009.11.01,23:54,1.6452,1.6452,1.6451,1.6452,3
2009.11.01,23:55,1.6448,1.6448,1.6446,1.6446,5
2009.11.01,23:56,1.6447,1.6447,1.6446,1.6446,2
2009.11.01,23:57,1.6447,1.6447,1.6446,1.6446,6
2009.11.01,23:58,1.6447,1.6447,1.6446,1.6447,7
2009.11.01,23:59,1.6446,1.6447,1.6446,1.6447,2
2009.11.02,00:01,1.6448,1.6455,1.6448,1.6455,6
2009.11.02,00:02,1.6456,1.6456,1.6455,1.6455,2
2009.11.02,00:03,1.6456,1.6456,1.6455,1.6456,3
2009.11.02,00:04,1.6455,1.6455,1.6450,1.6450,10
2009.11.02,00:05,1.6449,1.6451,1.6448,1.6450,11
2009.11.02,00:06,1.6451,1.6451,1.6449,1.6449,5
2009.11.02,00:07,1.6450,1.6450,1.6450,1.6450,1
2009.11.02,00:09,1.6449,1.6450,1.6449,1.6450,6
2009.11.02,00:10,1.6451,1.6456,1.6451,1.6455,5
2009.11.02,00:11,1.6456,1.6456,1.6455,1.6456,5
2009.11.02,00:12,1.6455,1.6456,1.6454,1.6456,7
2009.11.02,00:13,1.6457,1.6457,1.6456,1.6456,4
2009.11.02,00:14,1.6457,1.6457,1.6455,1.6455,7
2009.11.02,00:15,1.6456,1.6457,1.6456,1.6456,3
2009.11.02,00:16,1.6457,1.6457,1.6456,1.6456,4
2009.11.02,00:17,1.6457,1.6457,1.6456,1.6457,3
2009.11.02,00:18,1.6458,1.6458,1.6456,1.6456,2
2009.11.02,00:19,1.6457,1.6457,1.6455,1.6456,6
2009.11.02,00:20,1.6457,1.6457,1.6457,1.6457,1
2009.11.02,00:21,1.6456,1.6456,1.6452,1.6453,8
2009.11.02,00:22,1.6452,1.6454,1.6452,1.6454,3
2009.11.02,00:23,1.6453,1.6453,1.6451,1.6452,4
2009.11.02,00:24,1.6453,1.6453,1.6452,1.6452,2
2009.11.02,00:25,1.6453,1.6454,1.6453,1.6454,2
2009.11.02,00:26,1.6453,1.6454,1.6453,1.6454,2
2009.11.02,00:28,1.6453,1.6454,1.6452,1.6452,6
2009.11.02,00:29,1.6453,1.6455,1.6453,1.6455,5
2009.11.02,00:31,1.6456,1.6456,1.6456,1.6456,1
2009.11.02,00:32,1.6455,1.6456,1.6455,1.6456,6
2009.11.02,00:33,1.6458,1.6461,1.6458,1.6461,4
2009.11.02,00:34,1.6459,1.6460,1.6459,1.6459,3
2009.11.02,00:35,1.6460,1.6462,1.6459,1.6462,5
2009.11.02,00:36,1.6463,1.6464,1.6463,1.6463,5
2009.11.02,00:37,1.6464,1.6464,1.6459,1.6461,7
2009.11.02,00:38,1.6462,1.6462,1.6461,1.6461,4
2009.11.02,00:39,1.6462,1.6462,1.6461,1.6461,8
2009.11.02,00:40,1.6462,1.6462,1.6462,1.6462,1
2009.11.02,00:41,1.6461,1.6461,1.6460,1.6460,2
2009.11.02,00:42,1.6461,1.6461,1.6461,1.6461,1
2009.11.02,00:45,1.6462,1.6463,1.6461,1.6461,4
2009.11.02,00:46,1.6459,1.6459,1.6450,1.6454,15
2009.11.02,00:47,1.6453,1.6453,1.6451,1.6451,5
2009.11.02,00:48,1.6452,1.6454,1.6452,1.6453,6
2009.11.02,00:49,1.6452,1.6452,1.6452,1.6452,1
2009.11.02,00:50,1.6451,1.6452,1.6451,1.6451,3
2009.11.02,00:51,1.6452,1.6454,1.6452,1.6454,5
2009.11.02,00:52,1.6455,1.6456,1.6455,1.6455,5
2009.11.02,00:53,1.6456,1.6461,1.6455,1.6461,7
2009.11.02,00:54,1.6460,1.6461,1.6459,1.6460,7
2009.11.02,00:55,1.6461,1.6462,1.6460,1.6461,5
2009.11.02,00:56,1.6460,1.6463,1.6460,1.6463,11
2009.11.02,00:57,1.6462,1.6463,1.6462,1.6462,3
2009.11.02,00:58,1.6463,1.6470,1.6462,1.6470,8
2009.11.02,00:59,1.6471,1.6471,1.6470,1.6470,4
2009.11.02,01:00,1.6471,1.6472,1.6470,1.6472,4
2009.11.02,01:01,1.6473,1.6476,1.6473,1.6476,7
2009.11.02,01:02,1.6475,1.6476,1.6475,1.6475,5
2009.11.02,01:03,1.6476,1.6476,1.6475,1.6476,3
2009.11.02,01:04,1.6475,1.6476,1.6475,1.6475,3
2009.11.02,01:05,1.6474,1.6475,1.6474,1.6474,7
2009.11.02,01:06,1.6473,1.6473,1.6472,1.6472,2
2009.11.02,01:07,1.6471,1.6472,1.6471,1.6471,3
2009.11.02,01:08,1.6470,1.6470,1.6469,1.6469,2
2009.11.02,01:09,1.6470,1.6471,1.6470,1.6470,3
2009.11.02,01:11,1.6469,1.6470,1.6469,1.6470,2
2009.11.02,01:13,1.6469,1.6470,1.6468,1.6468,4
2009.11.02,01:14,1.6467,1.6469,1.6466,1.6469,17
2009.11.02,01:15,1.6468,1.6469,1.6468,1.6469,8
2009.11.02,01:16,1.6468,1.6468,1.6466,1.6466,3
2009.11.02,01:17,1.6467,1.6470,1.6467,1.6470,10
2009.11.02,01:18,1.6469,1.6473,1.6469,1.6472,8
2009.11.02,01:19,1.6473,1.6473,1.6470,1.6471,12
2009.11.02,01:20,1.6470,1.6470,1.6470,1.6470,1
2009.11.02,01:21,1.6471,1.6471,1.6470,1.6470,4
2009.11.02,01:22,1.6469,1.6469,1.6467,1.6469,7
2009.11.02,01:23,1.6470,1.6470,1.6469,1.6469,2
2009.11.02,01:24,1.6470,1.6470,1.6469,1.6469,4
2009.11.02,01:25,1.6468,1.6469,1.6463,1.6464,13
2009.11.02,01:26,1.6463,1.6463,1.6453,1.6454,12
2009.11.02,01:27,1.6455,1.6461,1.6455,1.6461,9
2009.11.02,01:28,1.6460,1.6461,1.6460,1.6460,3
2009.11.02,01:29,1.6459,1.6459,1.6459,1.6459,1
2009.11.02,01:30,1.6458,1.6458,1.6457,1.6457,2
2009.11.02,01:31,1.6456,1.6458,1.6456,1.6458,7
2009.11.02,01:32,1.6457,1.6458,1.6457,1.6457,5
2009.11.02,01:33,1.6459,1.6460,1.6459,1.6460,2
2009.11.02,01:34,1.6461,1.6461,1.6461,1.6461,1
2009.11.02,01:35,1.6460,1.6464,1.6460,1.6464,5
2009.11.02,01:36,1.6463,1.6464,1.6460,1.6460,7
2009.11.02,01:37,1.6461,1.6461,1.6460,1.6461,5
2009.11.02,01:38,1.6460,1.6461,1.6460,1.6461,4
2009.11.02,01:40,1.6460,1.6460,1.6460,1.6460,1
2009.11.02,01:41,1.6461,1.6461,1.6460,1.6460,4
2009.11.02,01:42,1.6459,1.6462,1.6459,1.6462,4
2009.11.02,01:43,1.6461,1.6461,1.6461,1.6461,1
2009.11.02,01:44,1.6462,1.6464,1.6462,1.6463,4
2009.11.02,01:46,1.6462,1.6462,1.6462,1.6462,1
2009.11.02,01:47,1.6463,1.6463,1.6462,1.6462,2
2009.11.02,01:48,1.6463,1.6463,1.6462,1.6462,4
2009.11.02,01:51,1.6461,1.6462,1.6460,1.6461,5
2009.11.02,01:52,1.6462,1.6462,1.6459,1.6459,4
2009.11.02,01:53,1.6458,1.6458,1.6453,1.6453,6
2009.11.02,01:54,1.6454,1.6456,1.6454,1.6456,7
2009.11.02,01:55,1.6457,1.6458,1.6456,1.6457,9
2009.11.02,01:56,1.6456,1.6458,1.6456,1.6458,3
2009.11.02,01:57,1.6459,1.6459,1.6459,1.6459,1
2009.11.02,01:58,1.6458,1.6459,1.6458,1.6459,2
2009.11.02,01:59,1.6460,1.6464,1.6459,1.6464,9
2009.11.02,02:00,1.6465,1.6466,1.6463,1.6463,7
2009.11.02,02:01,1.6461,1.6461,1.6438,1.6438,23
2009.11.02,02:02,1.6437,1.6438,1.6436,1.6438,10
2009.11.02,02:03,1.6437,1.6437,1.6435,1.6435,5
2009.11.02,02:04,1.6434,1.6434,1.6419,1.6420,17
2009.11.02,02:05,1.6421,1.6425,1.6420,1.6422,13
2009.11.02,02:06,1.6423,1.6423,1.6418,1.6418,6
2009.11.02,02:07,1.6419,1.6420,1.6415,1.6418,12
2009.11.02,02:08,1.6420,1.6424,1.6420,1.6424,7
2009.11.02,02:09,1.6423,1.6431,1.6423,1.6430,9
2009.11.02,02:10,1.6431,1.6431,1.6422,1.6423,11
2009.11.02,02:11,1.6422,1.6422,1.6414,1.6414,13
2009.11.02,02:12,1.6415,1.6415,1.6399,1.6402,22
2009.11.02,02:13,1.6401,1.6402,1.6398,1.6398,8
2009.11.02,02:14,1.6396,1.6396,1.6393,1.6396,9
2009.11.02,02:15,1.6398,1.6405,1.6398,1.6400,15
2009.11.02,02:16,1.6399,1.6399,1.6396,1.6398,8
2009.11.02,02:17,1.6399,1.6399,1.6396,1.6397,5
2009.11.02,02:18,1.6398,1.6407,1.6398,1.6406,13
2009.11.02,02:19,1.6407,1.6415,1.6406,1.6412,16
2009.11.02,02:20,1.6413,1.6416,1.6413,1.6415,5
2009.11.02,02:21,1.6414,1.6417,1.6413,1.6417,8
2009.11.02,02:22,1.6418,1.6428,1.6418,1.6428,20
2009.11.02,02:23,1.6429,1.6431,1.6428,1.6429,13
2009.11.02,02:24,1.6428,1.6429,1.6426,1.6426,5
2009.11.02,02:25,1.6427,1.6427,1.6427,1.6427,1
2009.11.02,02:26,1.6426,1.6426,1.6421,1.6425,9
2009.11.02,02:27,1.6424,1.6425,1.6422,1.6422,11
2009.11.02,02:28,1.6423,1.6423,1.6423,1.6423,1
2009.11.02,02:29,1.6422,1.6424,1.6422,1.6424,3
2009.11.02,02:30,1.6423,1.6426,1.6423,1.6426,7
2009.11.02,02:31,1.6425,1.6430,1.6424,1.6430,19
2009.11.02,02:32,1.6431,1.6431,1.6430,1.6431,3
2009.11.02,02:33,1.6430,1.6431,1.6429,1.6429,8
2009.11.02,02:34,1.6428,1.6428,1.6426,1.6427,6
2009.11.02,02:35,1.6426,1.6426,1.6426,1.6426,1
2009.11.02,02:36,1.6427,1.6427,1.6426,1.6426,2
2009.11.02,02:37,1.6427,1.6429,1.6426,1.6429,7
2009.11.02,02:38,1.6428,1.6428,1.6427,1.6427,2
2009.11.02,02:39,1.6426,1.6426,1.6424,1.6424,5
2009.11.02,02:40,1.6425,1.6425,1.6425,1.6425,1
2009.11.02,02:41,1.6424,1.6429,1.6424,1.6426,11
2009.11.02,02:42,1.6425,1.6425,1.6421,1.6421,9
2009.11.02,02:43,1.6420,1.6420,1.6415,1.6415,7
2009.11.02,02:44,1.6414,1.6414,1.6409,1.6413,11
2009.11.02,02:45,1.6414,1.6421,1.6414,1.6421,8
2009.11.02,02:46,1.6420,1.6422,1.6420,1.6422,3
2009.11.02,02:47,1.6423,1.6426,1.6423,1.6425,5
2009.11.02,02:48,1.6424,1.6426,1.6424,1.6426,5
2009.11.02,02:49,1.6424,1.6425,1.6421,1.6421,10
2009.11.02,02:50,1.6420,1.6421,1.6419,1.6419,4
2009.11.02,02:51,1.6418,1.6421,1.6414,1.6421,12
2009.11.02,02:52,1.6422,1.6426,1.6422,1.6425,12
2009.11.02,02:53,1.6424,1.6424,1.6423,1.6423,8
2009.11.02,02:54,1.6422,1.6424,1.6422,1.6423,6
2009.11.02,02:55,1.6424,1.6426,1.6424,1.6425,4
2009.11.02,02:56,1.6424,1.6424,1.6420,1.6420,9
2009.11.02,02:57,1.6419,1.6422,1.6417,1.6421,11
2009.11.02,02:58,1.6422,1.6424,1.6421,1.6423,14
2009.11.02,02:59,1.6422,1.6423,1.6416,1.6416,10
2009.11.02,03:00,1.6415,1.6418,1.6407,1.6416,21
2009.11.02,03:01,1.6417,1.6417,1.6411,1.6416,15
2009.11.02,03:02,1.6417,1.6417,1.6412,1.6415,10
2009.11.02,03:03,1.6414,1.6419,1.6414,1.6416,16
2009.11.02,03:04,1.6417,1.6420,1.6417,1.6420,13
2009.11.02,03:05,1.6419,1.6422,1.6419,1.6421,13
2009.11.02,03:06,1.6422,1.6422,1.6400,1.6402,21
2009.11.02,03:07,1.6403,1.6405,1.6375,1.6375,39
2009.11.02,03:08,1.6374,1.6374,1.6366,1.6368,23
2009.11.02,03:09,1.6369,1.6375,1.6366,1.6366,24
2009.11.02,03:10,1.6365,1.6369,1.6364,1.6365,19
2009.11.02,03:11,1.6363,1.6366,1.6363,1.6363,19
2009.11.02,03:12,1.6361,1.6361,1.6349,1.6352,21
2009.11.02,03:13,1.6351,1.6352,1.6348,1.6351,11
2009.11.02,03:14,1.6352,1.6360,1.6350,1.6354,19
2009.11.02,03:15,1.6355,1.6355,1.6351,1.6352,15
2009.11.02,03:16,1.6351,1.6353,1.6350,1.6351,16
2009.11.02,03:17,1.6350,1.6356,1.6350,1.6354,14
2009.11.02,03:18,1.6355,1.6361,1.6354,1.6361,13
2009.11.02,03:19,1.6362,1.6363,1.6360,1.6361,10
2009.11.02,03:20,1.6360,1.6368,1.6360,1.6367,11
2009.11.02,03:21,1.6369,1.6376,1.6367,1.6371,24
2009.11.02,03:22,1.6372,1.6374,1.6360,1.6361,18
2009.11.02,03:23,1.6362,1.6364,1.6361,1.6364,7
2009.11.02,03:24,1.6365,1.6365,1.6363,1.6364,4
2009.11.02,03:25,1.6365,1.6371,1.6365,1.6369,16
2009.11.02,03:26,1.6368,1.6368,1.6364,1.6365,14
2009.11.02,03:27,1.6366,1.6366,1.6362,1.6362,14
2009.11.02,03:28,1.6363,1.6366,1.6361,1.6366,11
2009.11.02,03:29,1.6367,1.6371,1.6367,1.6370,13
2009.11.02,03:30,1.6369,1.6370,1.6365,1.6366,11
2009.11.02,03:31,1.6367,1.6367,1.6363,1.6363,7
2009.11.02,03:32,1.6364,1.6364,1.6355,1.6359,19
2009.11.02,03:33,1.6360,1.6362,1.6360,1.6362,5
2009.11.02,03:34,1.6361,1.6365,1.6361,1.6365,13
2009.11.02,03:35,1.6366,1.6370,1.6366,1.6368,11
2009.11.02,03:36,1.6369,1.6369,1.6365,1.6368,16
2009.11.02,03:37,1.6369,1.6370,1.6368,1.6369,7
2009.11.02,03:38,1.6368,1.6374,1.6368,1.6373,10
2009.11.02,03:39,1.6374,1.6374,1.6370,1.6372,9
2009.11.02,03:40,1.6371,1.6371,1.6371,1.6371,1
2009.11.02,03:41,1.6370,1.6375,1.6370,1.6375,10
2009.11.02,03:42,1.6376,1.6384,1.6375,1.6375,25
2009.11.02,03:43,1.6376,1.6376,1.6374,1.6375,12
2009.11.02,03:44,1.6373,1.6376,1.6373,1.6375,7
2009.11.02,03:45,1.6374,1.6376,1.6374,1.6374,9
2009.11.02,03:46,1.6375,1.6378,1.6375,1.6376,8
2009.11.02,03:47,1.6377,1.6378,1.6376,1.6378,4
2009.11.02,03:48,1.6379,1.6379,1.6377,1.6377,5
2009.11.02,03:49,1.6378,1.6378,1.6376,1.6377,11
2009.11.02,03:50,1.6376,1.6377,1.6375,1.6376,9
2009.11.02,03:51,1.6377,1.6377,1.6375,1.6375,7
2009.11.02,03:52,1.6374,1.6377,1.6373,1.6376,17
2009.11.02,03:53,1.6375,1.6380,1.6375,1.6380,9
2009.11.02,03:54,1.6379,1.6385,1.6379,1.6383,9
2009.11.02,03:55,1.6384,1.6384,1.6382,1.6383,10
2009.11.02,03:56,1.6384,1.6386,1.6384,1.6385,4
2009.11.02,03:57,1.6386,1.6386,1.6385,1.6385,6
2009.11.02,03:58,1.6384,1.6384,1.6376,1.6376,19
2009.11.02,03:59,1.6377,1.6379,1.6374,1.6374,17
2009.11.02,04:00,1.6376,1.6386,1.6375,1.6385,27
2009.11.02,04:01,1.6384,1.6391,1.6384,1.6387,16
2009.11.02,04:02,1.6388,1.6388,1.6378,1.6378,15
2009.11.02,04:03,1.6380,1.6381,1.6378,1.6381,11
2009.11.02,04:04,1.6380,1.6380,1.6365,1.6367,17
2009.11.02,04:05,1.6368,1.6369,1.6361,1.6362,11
2009.11.02,04:06,1.6363,1.6366,1.6363,1.6364,10
2009.11.02,04:07,1.6363,1.6364,1.6362,1.6362,6
2009.11.02,04:08,1.6361,1.6361,1.6360,1.6361,11
2009.11.02,04:09,1.6360,1.6360,1.6356,1.6357,14
2009.11.02,04:10,1.6358,1.6360,1.6356,1.6358,17
2009.11.02,04:11,1.6357,1.6357,1.6355,1.6356,10
2009.11.02,04:12,1.6355,1.6362,1.6355,1.6361,12
2009.11.02,04:13,1.6362,1.6363,1.6358,1.6358,7
2009.11.02,04:14,1.6357,1.6357,1.6350,1.6353,11
2009.11.02,04:15,1.6352,1.6353,1.6349,1.6350,11
2009.11.02,04:16,1.6349,1.6349,1.6344,1.6344,15
2009.11.02,04:17,1.6345,1.6352,1.6344,1.6352,15
2009.11.02,04:18,1.6351,1.6352,1.6345,1.6348,14
2009.11.02,04:19,1.6349,1.6351,1.6348,1.6349,14
2009.11.02,04:20,1.6350,1.6359,1.6350,1.6358,17
2009.11.02,04:21,1.6357,1.6359,1.6350,1.6351,17
2009.11.02,04:22,1.6352,1.6356,1.6352,1.6356,13
2009.11.02,04:23,1.6355,1.6355,1.6353,1.6353,9
2009.11.02,04:24,1.6351,1.6352,1.6350,1.6351,7
2009.11.02,04:25,1.6352,1.6353,1.6350,1.6353,8
2009.11.02,04:26,1.6354,1.6354,1.6352,1.6354,9
2009.11.02,04:27,1.6353,1.6354,1.6350,1.6350,15
2009.11.02,04:28,1.6354,1.6399,1.6354,1.6379,37
2009.11.02,04:29,1.6378,1.6389,1.6375,1.6387,27
2009.11.02,04:30,1.6388,1.6389,1.6383,1.6384,18
2009.11.02,04:31,1.6385,1.6385,1.6374,1.6375,17
2009.11.02,04:32,1.6376,1.6376,1.6371,1.6374,21
2009.11.02,04:33,1.6375,1.6396,1.6375,1.6396,24
2009.11.02,04:34,1.6398,1.6399,1.6391,1.6394,24
2009.11.02,04:35,1.6395,1.6395,1.6390,1.6390,15
2009.11.02,04:36,1.6388,1.6388,1.6382,1.6383,19
2009.11.02,04:37,1.6384,1.6400,1.6384,1.6400,18
2009.11.02,04:38,1.6401,1.6407,1.6393,1.6394,27
2009.11.02,04:39,1.6393,1.6394,1.6390,1.6390,20
2009.11.02,04:40,1.6389,1.6396,1.6387,1.6394,18
2009.11.02,04:41,1.6393,1.6407,1.6392,1.6407,13
2009.11.02,04:42,1.6406,1.6408,1.6398,1.6402,20
2009.11.02,04:43,1.6403,1.6407,1.6398,1.6398,14
2009.11.02,04:44,1.6397,1.6397,1.6393,1.6394,6
2009.11.02,04:45,1.6393,1.6393,1.6387,1.6391,20
2009.11.02,04:46,1.6392,1.6393,1.6392,1.6392,3
2009.11.02,04:47,1.6395,1.6397,1.6394,1.6394,12
2009.11.02,04:48,1.6392,1.6392,1.6383,1.6385,10
2009.11.02,04:49,1.6384,1.6389,1.6384,1.6388,15
2009.11.02,04:50,1.6387,1.6394,1.6387,1.6394,14
2009.11.02,04:51,1.6395,1.6398,1.6395,1.6397,4
2009.11.02,04:52,1.6398,1.6400,1.6396,1.6396,10
2009.11.02,04:53,1.6397,1.6403,1.6396,1.6402,14
2009.11.02,04:54,1.6403,1.6403,1.6395,1.6396,10
2009.11.02,04:55,1.6397,1.6398,1.6396,1.6398,4
2009.11.02,04:56,1.6397,1.6398,1.6393,1.6393,9
2009.11.02,04:57,1.6394,1.6394,1.6390,1.6390,15
2009.11.02,04:58,1.6391,1.6392,1.6389,1.6392,9
2009.11.02,04:59,1.6391,1.6396,1.6391,1.6395,13
2009.11.02,05:00,1.6394,1.6399,1.6393,1.6393,14
2009.11.02,05:01,1.6392,1.6415,1.6392,1.6414,24
2009.11.02,05:02,1.6413,1.6429,1.6413,1.6420,29
2009.11.02,05:03,1.6418,1.6418,1.6414,1.6414,14
2009.11.02,05:04,1.6413,1.6415,1.6412,1.6415,19
2009.11.02,05:05,1.6414,1.6416,1.6413,1.6416,18
2009.11.02,05:06,1.6417,1.6417,1.6409,1.6409,9
2009.11.02,05:07,1.6410,1.6412,1.6409,1.6412,7
2009.11.02,05:08,1.6413,1.6414,1.6413,1.6413,3
2009.11.02,05:09,1.6414,1.6416,1.6411,1.6411,16
2009.11.02,05:10,1.6412,1.6416,1.6411,1.6415,12
2009.11.02,05:11,1.6414,1.6414,1.6409,1.6409,10
2009.11.02,05:12,1.6410,1.6416,1.6410,1.6413,13
2009.11.02,05:13,1.6414,1.6418,1.6414,1.6414,9
2009.11.02,05:14,1.6415,1.6416,1.6415,1.6415,5
2009.11.02,05:15,1.6414,1.6414,1.6410,1.6411,8
2009.11.02,05:16,1.6410,1.6414,1.6409,1.6414,15
2009.11.02,05:17,1.6413,1.6413,1.6412,1.6413,5
2009.11.02,05:18,1.6412,1.6412,1.6412,1.6412,1
2009.11.02,05:19,1.6410,1.6414,1.6409,1.6413,10
2009.11.02,05:20,1.6412,1.6412,1.6403,1.6403,20
2009.11.02,05:21,1.6402,1.6403,1.6399,1.6399,19
2009.11.02,05:22,1.6398,1.6408,1.6398,1.6406,16
2009.11.02,05:23,1.6405,1.6406,1.6399,1.6400,15
2009.11.02,05:24,1.6401,1.6403,1.6399,1.6401,13
2009.11.02,05:25,1.6402,1.6402,1.6390,1.6392,14
2009.11.02,05:26,1.6393,1.6396,1.6393,1.6396,10
2009.11.02,05:27,1.6397,1.6399,1.6397,1.6399,9
2009.11.02,05:28,1.6398,1.6398,1.6397,1.6397,8
2009.11.02,05:29,1.6398,1.6398,1.6394,1.6396,8
2009.11.02,05:30,1.6394,1.6394,1.6393,1.6393,6
2009.11.02,05:31,1.6394,1.6395,1.6394,1.6395,2
2009.11.02,05:32,1.6394,1.6394,1.6387,1.6393,18
2009.11.02,05:33,1.6392,1.6393,1.6385,1.6385,13
2009.11.02,05:34,1.6386,1.6386,1.6382,1.6383,15
2009.11.02,05:35,1.6384,1.6392,1.6383,1.6388,16
2009.11.02,05:36,1.6389,1.6389,1.6383,1.6383,10
2009.11.02,05:37,1.6382,1.6386,1.6382,1.6385,14
2009.11.02,05:38,1.6384,1.6384,1.6379,1.6380,14
2009.11.02,05:39,1.6381,1.6384,1.6381,1.6384,6
2009.11.02,05:40,1.6385,1.6386,1.6382,1.6383,10
2009.11.02,05:41,1.6382,1.6387,1.6382,1.6387,5
2009.11.02,05:42,1.6386,1.6394,1.6386,1.6392,16
2009.11.02,05:43,1.6393,1.6395,1.6389,1.6389,11
2009.11.02,05:44,1.6388,1.6390,1.6388,1.6390,7
2009.11.02,05:45,1.6389,1.6389,1.6388,1.6389,5
2009.11.02,05:46,1.6388,1.6388,1.6385,1.6386,7
2009.11.02,05:47,1.6387,1.6387,1.6386,1.6386,6
2009.11.02,05:48,1.6385,1.6385,1.6377,1.6378,14
2009.11.02,05:49,1.6379,1.6379,1.6378,1.6379,3
2009.11.02,05:50,1.6377,1.6378,1.6374,1.6375,17
2009.11.02,05:51,1.6376,1.6379,1.6374,1.6379,10
2009.11.02,05:52,1.6378,1.6380,1.6378,1.6378,11
2009.11.02,05:53,1.6379,1.6380,1.6379,1.6380,6
2009.11.02,05:54,1.6381,1.6381,1.6379,1.6379,5
2009.11.02,05:55,1.6380,1.6381,1.6379,1.6379,6
2009.11.02,05:56,1.6380,1.6380,1.6373,1.6373,7
2009.11.02,05:57,1.6372,1.6373,1.6371,1.6373,9
2009.11.02,05:58,1.6372,1.6375,1.6371,1.6371,11
2009.11.02,05:59,1.6370,1.6370,1.6369,1.6369,4
2009.11.02,06:00,1.6368,1.6368,1.6367,1.6368,3
2009.11.02,06:01,1.6369,1.6369,1.6369,1.6369,1
2009.11.02,06:02,1.6367,1.6367,1.6365,1.6365,13
2009.11.02,06:03,1.6366,1.6366,1.6365,1.6366,11
2009.11.02,06:04,1.6367,1.6367,1.6365,1.6365,7
2009.11.02,06:05,1.6364,1.6364,1.6360,1.6361,7
2009.11.02,06:06,1.6362,1.6362,1.6361,1.6362,11
2009.11.02,06:07,1.6363,1.6365,1.6363,1.6365,9
2009.11.02,06:08,1.6364,1.6366,1.6360,1.6360,17
2009.11.02,06:09,1.6361,1.6364,1.6361,1.6364,11
2009.11.02,06:10,1.6363,1.6363,1.6355,1.6355,11
2009.11.02,06:11,1.6354,1.6354,1.6349,1.6353,15
2009.11.02,06:12,1.6355,1.6356,1.6351,1.6351,14
2009.11.02,06:13,1.6352,1.6355,1.6350,1.6355,18
2009.11.02,06:14,1.6356,1.6356,1.6355,1.6356,3
2009.11.02,06:15,1.6357,1.6360,1.6357,1.6359,8
2009.11.02,06:16,1.6358,1.6358,1.6353,1.6354,12
2009.11.02,06:17,1.6355,1.6368,1.6355,1.6368,17
2009.11.02,06:18,1.6369,1.6370,1.6366,1.6369,12
2009.11.02,06:19,1.6370,1.6372,1.6369,1.6370,10
2009.11.02,06:20,1.6369,1.6370,1.6369,1.6369,9
2009.11.02,06:21,1.6370,1.6370,1.6367,1.6368,9
2009.11.02,06:22,1.6369,1.6369,1.6369,1.6369,1
2009.11.02,06:23,1.6370,1.6370,1.6369,1.6370,3
2009.11.02,06:24,1.6371,1.6378,1.6371,1.6377,9
2009.11.02,06:25,1.6379,1.6383,1.6377,1.6383,10
2009.11.02,06:26,1.6384,1.6388,1.6380,1.6381,20
2009.11.02,06:27,1.6382,1.6382,1.6380,1.6381,10
2009.11.02,06:28,1.6382,1.6383,1.6381,1.6382,11
2009.11.02,06:29,1.6381,1.6382,1.6379,1.6381,9
2009.11.02,06:30,1.6380,1.6382,1.6380,1.6381,12
2009.11.02,06:31,1.6380,1.6381,1.6379,1.6379,5
2009.11.02,06:32,1.6380,1.6381,1.6378,1.6378,14
2009.11.02,06:33,1.6377,1.6382,1.6377,1.6382,14
2009.11.02,06:34,1.6381,1.6385,1.6379,1.6384,17
2009.11.02,06:35,1.6383,1.6384,1.6383,1.6384,8
2009.11.02,06:36,1.6385,1.6385,1.6383,1.6383,9
2009.11.02,06:37,1.6382,1.6382,1.6380,1.6380,3
2009.11.02,06:38,1.6379,1.6379,1.6378,1.6378,8
2009.11.02,06:39,1.6379,1.6379,1.6377,1.6377,5
2009.11.02,06:40,1.6376,1.6377,1.6375,1.6376,7
2009.11.02,06:41,1.6375,1.6380,1.6375,1.6378,12
2009.11.02,06:42,1.6377,1.6378,1.6375,1.6378,12
2009.11.02,06:43,1.6377,1.6377,1.6375,1.6375,2
2009.11.02,06:44,1.6374,1.6375,1.6371,1.6372,9
2009.11.02,06:45,1.6373,1.6373,1.6365,1.6367,15
2009.11.02,06:46,1.6366,1.6366,1.6365,1.6366,3
2009.11.02,06:47,1.6365,1.6366,1.6360,1.6361,11
2009.11.02,06:48,1.6360,1.6361,1.6359,1.6360,5
2009.11.02,06:49,1.6362,1.6365,1.6362,1.6365,4
2009.11.02,06:50,1.6364,1.6365,1.6364,1.6365,2
2009.11.02,06:51,1.6364,1.6364,1.6357,1.6357,10
2009.11.02,06:52,1.6356,1.6357,1.6354,1.6355,8
2009.11.02,06:53,1.6356,1.6357,1.6354,1.6354,5
2009.11.02,06:54,1.6355,1.6356,1.6354,1.6354,7
2009.11.02,06:55,1.6355,1.6357,1.6355,1.6357,5
2009.11.02,06:56,1.6356,1.6358,1.6356,1.6358,7
2009.11.02,06:57,1.6357,1.6358,1.6356,1.6358,12
2009.11.02,06:58,1.6357,1.6362,1.6357,1.6361,7
2009.11.02,06:59,1.6362,1.6363,1.6357,1.6358,17
2009.11.02,07:00,1.6359,1.6364,1.6359,1.6363,12
2009.11.02,07:01,1.6362,1.6363,1.6355,1.6355,14
2009.11.02,07:02,1.6354,1.6359,1.6350,1.6358,23
2009.11.02,07:03,1.6357,1.6358,1.6357,1.6358,12
2009.11.02,07:04,1.6357,1.6363,1.6356,1.6363,14
2009.11.02,07:05,1.6364,1.6364,1.6362,1.6364,5
2009.11.02,07:06,1.6363,1.6365,1.6358,1.6364,15
2009.11.02,07:07,1.6365,1.6368,1.6363,1.6368,16
2009.11.02,07:08,1.6367,1.6367,1.6362,1.6364,8
2009.11.02,07:09,1.6365,1.6367,1.6364,1.6364,12
2009.11.02,07:10,1.6365,1.6367,1.6358,1.6361,18
2009.11.02,07:11,1.6362,1.6366,1.6361,1.6362,15
2009.11.02,07:12,1.6361,1.6363,1.6361,1.6361,6
2009.11.02,07:13,1.6360,1.6362,1.6360,1.6361,7
2009.11.02,07:14,1.6360,1.6365,1.6360,1.6364,6
2009.11.02,07:15,1.6363,1.6364,1.6361,1.6363,16
2009.11.02,07:16,1.6364,1.6364,1.6357,1.6359,7
2009.11.02,07:17,1.6357,1.6357,1.6352,1.6355,21
2009.11.02,07:18,1.6356,1.6357,1.6356,1.6356,5
2009.11.02,07:19,1.6355,1.6355,1.6353,1.6355,5
2009.11.02,07:20,1.6356,1.6359,1.6355,1.6358,6
2009.11.02,07:22,1.6357,1.6358,1.6354,1.6354,8
2009.11.02,07:23,1.6355,1.6355,1.6354,1.6354,4
2009.11.02,07:24,1.6355,1.6360,1.6355,1.6359,12
2009.11.02,07:25,1.6358,1.6359,1.6352,1.6354,10
2009.11.02,07:26,1.6353,1.6359,1.6353,1.6356,8
2009.11.02,07:27,1.6357,1.6359,1.6356,1.6359,9
2009.11.02,07:28,1.6358,1.6360,1.6358,1.6360,5
2009.11.02,07:29,1.6359,1.6361,1.6358,1.6358,6
2009.11.02,07:30,1.6359,1.6361,1.6358,1.6360,10
2009.11.02,07:31,1.6359,1.6359,1.6355,1.6355,9
2009.11.02,07:32,1.6356,1.6356,1.6354,1.6355,8
2009.11.02,07:33,1.6354,1.6356,1.6354,1.6356,3
2009.11.02,07:34,1.6355,1.6357,1.6355,1.6357,5
2009.11.02,07:35,1.6358,1.6365,1.6358,1.6364,10
2009.11.02,07:36,1.6363,1.6364,1.6361,1.6361,8
2009.11.02,07:37,1.6362,1.6362,1.6356,1.6356,9
2009.11.02,07:38,1.6357,1.6357,1.6356,1.6357,3
2009.11.02,07:39,1.6356,1.6368,1.6356,1.6367,18
2009.11.02,07:40,1.6368,1.6368,1.6366,1.6367,10
2009.11.02,07:41,1.6368,1.6368,1.6364,1.6364,8
2009.11.02,07:42,1.6365,1.6366,1.6360,1.6364,19
2009.11.02,07:43,1.6363,1.6363,1.6362,1.6362,6
2009.11.02,07:44,1.6361,1.6361,1.6356,1.6356,12
2009.11.02,07:45,1.6357,1.6357,1.6355,1.6355,7
2009.11.02,07:46,1.6356,1.6356,1.6354,1.6355,8
2009.11.02,07:47,1.6354,1.6354,1.6353,1.6354,11
2009.11.02,07:48,1.6356,1.6358,1.6356,1.6356,9
2009.11.02,07:49,1.6357,1.6357,1.6354,1.6356,18
2009.11.02,07:50,1.6355,1.6358,1.6355,1.6356,17
2009.11.02,07:51,1.6355,1.6357,1.6355,1.6357,7
2009.11.02,07:52,1.6356,1.6356,1.6353,1.6354,11
2009.11.02,07:53,1.6355,1.6360,1.6355,1.6359,9
2009.11.02,07:54,1.6360,1.6360,1.6358,1.6359,4
2009.11.02,07:55,1.6360,1.6364,1.6360,1.6364,5
2009.11.02,07:56,1.6365,1.6366,1.6365,1.6366,4
2009.11.02,07:57,1.6365,1.6366,1.6364,1.6364,7
2009.11.02,07:58,1.6365,1.6366,1.6364,1.6365,7
2009.11.02,07:59,1.6364,1.6364,1.6362,1.6363,10
2009.11.02,08:00,1.6364,1.6366,1.6364,1.6366,7
2009.11.02,08:01,1.6367,1.6367,1.6365,1.6366,14
2009.11.02,08:02,1.6365,1.6367,1.6365,1.6366,6
2009.11.02,08:03,1.6367,1.6367,1.6358,1.6358,11
2009.11.02,08:04,1.6356,1.6362,1.6356,1.6360,20
2009.11.02,08:05,1.6361,1.6362,1.6359,1.6359,10
2009.11.02,08:06,1.6358,1.6362,1.6358,1.6361,11
2009.11.02,08:07,1.6362,1.6363,1.6362,1.6363,4
2009.11.02,08:08,1.6364,1.6367,1.6364,1.6366,9
2009.11.02,08:09,1.6365,1.6365,1.6361,1.6363,10
2009.11.02,08:10,1.6362,1.6362,1.6355,1.6355,12
2009.11.02,08:11,1.6354,1.6356,1.6354,1.6355,6
2009.11.02,08:12,1.6356,1.6357,1.6354,1.6355,8
2009.11.02,08:13,1.6354,1.6356,1.6353,1.6353,12
2009.11.02,08:14,1.6354,1.6355,1.6352,1.6352,13
2009.11.02,08:15,1.6351,1.6352,1.6350,1.6351,7
2009.11.02,08:16,1.6352,1.6352,1.6351,1.6351,2
2009.11.02,08:17,1.6352,1.6354,1.6352,1.6354,5
2009.11.02,08:18,1.6353,1.6354,1.6353,1.6353,7
2009.11.02,08:19,1.6352,1.6353,1.6352,1.6353,2
2009.11.02,08:20,1.6352,1.6356,1.6351,1.6353,19
2009.11.02,08:21,1.6352,1.6354,1.6352,1.6354,5
2009.11.02,08:22,1.6353,1.6355,1.6352,1.6355,11
2009.11.02,08:23,1.6356,1.6356,1.6355,1.6356,7
2009.11.02,08:24,1.6357,1.6357,1.6357,1.6357,1
2009.11.02,08:25,1.6358,1.6359,1.6357,1.6358,11
2009.11.02,08:26,1.6357,1.6364,1.6357,1.6363,13
2009.11.02,08:27,1.6362,1.6362,1.6360,1.6362,11
2009.11.02,08:28,1.6361,1.6362,1.6360,1.6361,11
2009.11.02,08:29,1.6362,1.6362,1.6359,1.6360,7
2009.11.02,08:30,1.6359,1.6360,1.6357,1.6357,4
2009.11.02,08:31,1.6356,1.6357,1.6353,1.6355,12
2009.11.02,08:32,1.6353,1.6355,1.6352,1.6355,9
2009.11.02,08:33,1.6354,1.6356,1.6353,1.6355,9
2009.11.02,08:34,1.6354,1.6357,1.6354,1.6356,9
2009.11.02,08:35,1.6357,1.6358,1.6356,1.6357,13
2009.11.02,08:36,1.6358,1.6358,1.6355,1.6356,5
2009.11.02,08:37,1.6355,1.6356,1.6353,1.6356,5
2009.11.02,08:38,1.6355,1.6357,1.6353,1.6353,9
2009.11.02,08:39,1.6354,1.6354,1.6352,1.6353,12
2009.11.02,08:40,1.6354,1.6357,1.6353,1.6356,7
2009.11.02,08:41,1.6355,1.6356,1.6354,1.6356,8
2009.11.02,08:42,1.6355,1.6358,1.6355,1.6358,6
2009.11.02,08:43,1.6359,1.6361,1.6359,1.6361,4
2009.11.02,08:44,1.6362,1.6362,1.6362,1.6362,1
